{"cameraMode":{"drawMode":0,"name":"Shaded","section":"Shading Mode"},"sceneLighting":true,"audioPlay":false,"sceneViewState":{"showFog":true,"showMaterialUpdate":true,"showSkybox":true,"showFlares":true,"showImageEffects":true,"showParticleSystems":true},"in2DMode":false,"pivot":{"x":-0.27717819809913638,"y":5.743556022644043,"z":-12.882603645324707},"rotation":{"x":-0.4400055408477783,"y":0.025066103786230089,"z":-0.048783887177705768,"w":-0.8971326351165772},"size":2.400057077407837,"orthographic":false}