{"cameraMode":{"drawMode":0,"name":"Shaded","section":"Shading Mode"},"sceneLighting":true,"audioPlay":false,"sceneViewState":{"showFog":true,"showMaterialUpdate":true,"showSkybox":true,"showFlares":true,"showImageEffects":true,"showParticleSystems":true},"in2DMode":false,"pivot":{"x":20.190956115722658,"y":31.048852920532228,"z":-70.51080322265625},"rotation":{"x":-0.04096313193440437,"y":0.03639327734708786,"z":-0.025210417807102205,"w":-0.9983338713645935},"size":10.589463233947754,"orthographic":false}