{"cameraMode":{"drawMode":0,"name":"Shaded","section":"Shading Mode"},"sceneLighting":true,"audioPlay":false,"sceneViewState":{"showFog":true,"showMaterialUpdate":true,"showSkybox":true,"showFlares":true,"showImageEffects":true,"showParticleSystems":true},"in2DMode":false,"pivot":{"x":8.414480209350586,"y":7.033400058746338,"z":-4.670555114746094},"rotation":{"x":-0.0030605182982981207,"y":0.05870208889245987,"z":-0.0043937088921666149,"w":-0.998695433139801},"size":10.67396354675293,"orthographic":false}