{"cameraMode":{"drawMode":0,"name":"Shaded","section":"Shading Mode"},"sceneLighting":true,"audioPlay":false,"sceneViewState":{"showFog":true,"showMaterialUpdate":true,"showSkybox":true,"showFlares":true,"showImageEffects":true,"showParticleSystems":true},"in2DMode":false,"pivot":{"x":18.99582862854004,"y":15.181861877441407,"z":-11.79202651977539},"rotation":{"x":0.012506448663771153,"y":0.08407270908355713,"z":-0.022191122174263,"w":-0.9962258338928223},"size":27.41600227355957,"orthographic":false}