{"cameraMode":{"drawMode":0,"name":"Shaded","section":"Shading Mode"},"sceneLighting":true,"audioPlay":false,"sceneViewState":{"showFog":true,"showMaterialUpdate":true,"showSkybox":true,"showFlares":true,"showImageEffects":true,"showParticleSystems":true},"in2DMode":false,"pivot":{"x":-3.285658836364746,"y":3.7096617221832277,"z":-7.64796781539917},"rotation":{"x":-0.0906347930431366,"y":0.26144036650657656,"z":-0.03214180842041969,"w":-0.9609405994415283},"size":10.438413619995118,"orthographic":false}