{"cameraMode":{"drawMode":0,"name":"Shaded","section":"Shading Mode"},"sceneLighting":true,"audioPlay":false,"sceneViewState":{"showFog":true,"showMaterialUpdate":true,"showSkybox":true,"showFlares":true,"showImageEffects":true,"showParticleSystems":true},"in2DMode":false,"pivot":{"x":-6.483217716217041,"y":2.5484790802001955,"z":-14.989355087280274},"rotation":{"x":0.2137427031993866,"y":-0.07101781666278839,"z":0.016446510329842569,"w":0.974396824836731},"size":3.3433289527893068,"orthographic":false}