{"cameraMode":{"drawMode":0,"name":"Shaded","section":"Shading Mode"},"sceneLighting":true,"audioPlay":false,"sceneViewState":{"showFog":true,"showMaterialUpdate":true,"showSkybox":true,"showFlares":true,"showImageEffects":true,"showParticleSystems":true},"in2DMode":false,"pivot":{"x":27.90840721130371,"y":2.6539154052734377,"z":-10.931804656982422},"rotation":{"x":-0.11593816429376602,"y":0.342593252658844,"z":-0.07836000621318817,"w":-0.929792046546936},"size":6.900058746337891,"orthographic":false}