{"cameraMode":{"drawMode":0,"name":"Shaded","section":"Shading Mode"},"sceneLighting":true,"audioPlay":false,"sceneViewState":{"showFog":true,"showMaterialUpdate":true,"showSkybox":true,"showFlares":true,"showImageEffects":true,"showParticleSystems":true},"in2DMode":false,"pivot":{"x":-0.4884767532348633,"y":1.3668243885040284,"z":1.669525146484375},"rotation":{"x":0.03574320301413536,"y":-0.16447612643241883,"z":0.0063880314119160179,"w":0.9858365654945374},"size":29.46196174621582,"orthographic":false}