{"cameraMode":{"drawMode":0,"name":"Shaded","section":"Shading Mode"},"sceneLighting":true,"audioPlay":false,"sceneViewState":{"showFog":true,"showMaterialUpdate":true,"showSkybox":true,"showFlares":true,"showImageEffects":true,"showParticleSystems":true},"in2DMode":false,"pivot":{"x":-6.23574161529541,"y":-1.051857590675354,"z":-6.559200763702393},"rotation":{"x":-0.2319084107875824,"y":-0.012884491123259068,"z":-0.021425142884254457,"w":-0.9725798964500427},"size":12.628132820129395,"orthographic":false}