{"cameraMode":{"drawMode":0,"name":"Shaded","section":"Shading Mode"},"sceneLighting":true,"audioPlay":false,"sceneViewState":{"showFog":true,"showMaterialUpdate":true,"showSkybox":true,"showFlares":true,"showImageEffects":true,"showParticleSystems":true},"in2DMode":false,"pivot":{"x":7.095917224884033,"y":11.710694313049317,"z":-20.376060485839845},"rotation":{"x":-0.1712406873703003,"y":-0.04777708649635315,"z":-0.022641444578766824,"w":-0.984413206577301},"size":20.29832649230957,"orthographic":false}