{"cameraMode":{"drawMode":0,"name":"Shaded","section":"Shading Mode"},"sceneLighting":true,"audioPlay":false,"sceneViewState":{"showFog":true,"showMaterialUpdate":true,"showSkybox":true,"showFlares":true,"showImageEffects":true,"showParticleSystems":true},"in2DMode":false,"pivot":{"x":5.751004695892334,"y":-6.790303707122803,"z":161.1349639892578},"rotation":{"x":0.025824472308158876,"y":0.0053860764019191269,"z":0.001857658731751144,"w":0.9999136328697205},"size":197.4690704345703,"orthographic":false}