{"cameraMode":{"drawMode":0,"name":"Shaded","section":"Shading Mode"},"sceneLighting":true,"audioPlay":false,"sceneViewState":{"showFog":true,"showMaterialUpdate":true,"showSkybox":true,"showFlares":true,"showImageEffects":true,"showParticleSystems":true},"in2DMode":false,"pivot":{"x":5.600180625915527,"y":-3.301905393600464,"z":0.36807772517204287},"rotation":{"x":0.20332497358322144,"y":-0.15084020793437959,"z":0.03217923268675804,"w":0.967018187046051},"size":33.620994567871097,"orthographic":false}