{"cameraMode":{"drawMode":0,"name":"Shaded","section":"Shading Mode"},"sceneLighting":true,"audioPlay":false,"sceneViewState":{"showFog":true,"showMaterialUpdate":true,"showSkybox":true,"showFlares":true,"showImageEffects":true,"showParticleSystems":true},"in2DMode":false,"pivot":{"x":1.825613021850586,"y":7.117153644561768,"z":-10.890532493591309},"rotation":{"x":-0.14122357964515687,"y":0.018198901787400247,"z":-0.0332643985748291,"w":-0.9898272156715393},"size":20.064550399780275,"orthographic":false}