{"cameraMode":{"drawMode":0,"name":"Shaded","section":"Shading Mode"},"sceneLighting":true,"audioPlay":false,"sceneViewState":{"showFog":true,"showMaterialUpdate":true,"showSkybox":true,"showFlares":true,"showImageEffects":true,"showParticleSystems":true},"in2DMode":false,"pivot":{"x":1.7317116260528565,"y":9.859833717346192,"z":-20.49759864807129},"rotation":{"x":0.05830484628677368,"y":0.08870919048786164,"z":0.0011834775796160102,"w":-0.9947775602340698},"size":14.271441459655762,"orthographic":false}