{"cameraMode":{"drawMode":0,"name":"Shaded","section":"Shading Mode"},"sceneLighting":true,"audioPlay":false,"sceneViewState":{"showFog":true,"showMaterialUpdate":true,"showSkybox":true,"showFlares":true,"showImageEffects":true,"showParticleSystems":true},"in2DMode":false,"pivot":{"x":0.5382077693939209,"y":-3.016674518585205,"z":21.926191329956056},"rotation":{"x":0.11234168708324433,"y":0.07383805513381958,"z":0.019345920532941819,"w":0.9911465644836426},"size":37.25486755371094,"orthographic":false}