{"cameraMode":{"drawMode":0,"name":"Shaded","section":"Shading Mode"},"sceneLighting":true,"audioPlay":false,"sceneViewState":{"showFog":true,"showMaterialUpdate":true,"showSkybox":true,"showFlares":true,"showImageEffects":true,"showParticleSystems":true},"in2DMode":false,"pivot":{"x":-44.8038215637207,"y":-47.707637786865237,"z":145.67413330078126},"rotation":{"x":-0.14416253566741944,"y":0.140455424785614,"z":-0.026956776157021524,"w":-0.9796267151832581},"size":174.84597778320313,"orthographic":false}