{"cameraMode":{"drawMode":0,"name":"Shaded","section":"Shading Mode"},"sceneLighting":true,"audioPlay":false,"sceneViewState":{"showFog":true,"showMaterialUpdate":true,"showSkybox":true,"showFlares":true,"showImageEffects":true,"showParticleSystems":true},"in2DMode":false,"pivot":{"x":71.08234405517578,"y":-28.64014434814453,"z":113.7935562133789},"rotation":{"x":0.10268432646989823,"y":0.2541424036026001,"z":-0.004244903568178415,"w":0.9626159071922302},"size":155.91197204589845,"orthographic":false}