{"cameraMode":{"drawMode":0,"name":"Shaded","section":"Shading Mode"},"sceneLighting":true,"audioPlay":false,"sceneViewState":{"showFog":true,"showMaterialUpdate":true,"showSkybox":true,"showFlares":true,"showImageEffects":true,"showParticleSystems":true},"in2DMode":false,"pivot":{"x":-2.91552472114563,"y":-36.77080154418945,"z":125.04850006103516},"rotation":{"x":-0.169871523976326,"y":0.002774774329736829,"z":-0.028703823685646058,"w":-0.9855200052261353},"size":162.3011474609375,"orthographic":false}