{"cameraMode":{"drawMode":0,"name":"Shaded","section":"Shading Mode"},"sceneLighting":true,"audioPlay":false,"sceneViewState":{"showFog":true,"showMaterialUpdate":true,"showSkybox":true,"showFlares":true,"showImageEffects":true,"showParticleSystems":true},"in2DMode":false,"pivot":{"x":32.09536361694336,"y":3.894305467605591,"z":36.53142166137695},"rotation":{"x":-0.14516495168209077,"y":-0.04311855137348175,"z":0.0003776315425056964,"w":-0.9889159798622131},"size":79.29764556884766,"orthographic":false}