{"cameraMode":{"drawMode":0,"name":"Shaded","section":"Shading Mode"},"sceneLighting":true,"audioPlay":false,"sceneViewState":{"showFog":true,"showMaterialUpdate":true,"showSkybox":true,"showFlares":true,"showImageEffects":true,"showParticleSystems":true},"in2DMode":false,"pivot":{"x":-105.78167724609375,"y":-761.914306640625,"z":814.1959838867188},"rotation":{"x":-0.36376965045928957,"y":0.07269760221242905,"z":-0.028876472264528276,"w":-0.9283077120780945},"size":1182.27783203125,"orthographic":false}