{"cameraMode":{"drawMode":0,"name":"Shaded","section":"Shading Mode"},"sceneLighting":true,"audioPlay":false,"sceneViewState":{"showFog":true,"showMaterialUpdate":true,"showSkybox":true,"showFlares":true,"showImageEffects":true,"showParticleSystems":true},"in2DMode":false,"pivot":{"x":3.7145633697509767,"y":-4.424769878387451,"z":61.34550094604492},"rotation":{"x":0.03323303163051605,"y":-0.0542721264064312,"z":0.0023249746300280096,"w":0.9981231689453125},"size":77.83019256591797,"orthographic":false}