{"cameraMode":{"drawMode":0,"name":"Shaded","section":"Shading Mode"},"sceneLighting":true,"audioPlay":false,"sceneViewState":{"showFog":true,"showMaterialUpdate":true,"showSkybox":true,"showFlares":true,"showImageEffects":true,"showParticleSystems":true},"in2DMode":false,"pivot":{"x":4.456289291381836,"y":7.487395763397217,"z":-16.797592163085939},"rotation":{"x":0.09157764911651612,"y":0.09687435626983643,"z":0.0027220759075134994,"w":-0.9915290474891663},"size":10.532041549682618,"orthographic":false}