{"cameraMode":{"drawMode":0,"name":"Shaded","section":"Shading Mode"},"sceneLighting":true,"audioPlay":false,"sceneViewState":{"showFog":true,"showMaterialUpdate":true,"showSkybox":true,"showFlares":true,"showImageEffects":true,"showParticleSystems":true},"in2DMode":false,"pivot":{"x":27.046934127807618,"y":7.2874755859375,"z":-25.15526008605957},"rotation":{"x":-0.020998671650886537,"y":0.0119877178221941,"z":-0.00029056594939902425,"w":-0.9997618794441223},"size":1.0736322402954102,"orthographic":false}