{"cameraMode":{"drawMode":0,"name":"Shaded","section":"Shading Mode"},"sceneLighting":true,"audioPlay":false,"sceneViewState":{"showFog":true,"showMaterialUpdate":true,"showSkybox":true,"showFlares":true,"showImageEffects":true,"showParticleSystems":true},"in2DMode":false,"pivot":{"x":-3.799426317214966,"y":0.6901235580444336,"z":-9.620404243469239},"rotation":{"x":0.17080850899219514,"y":-0.038537316024303439,"z":0.026145290583372117,"w":0.9850139617919922},"size":2.4632461071014406,"orthographic":false}