{"cameraMode":{"drawMode":0,"name":"Shaded","section":"Shading Mode"},"sceneLighting":true,"audioPlay":false,"sceneViewState":{"showFog":true,"showMaterialUpdate":true,"showSkybox":true,"showFlares":true,"showImageEffects":true,"showParticleSystems":true},"in2DMode":false,"pivot":{"x":23.478811264038087,"y":5.034937381744385,"z":-27.2451114654541},"rotation":{"x":0.0074693625792860989,"y":-0.02200462855398655,"z":0.0015664087841287256,"w":1.0000075101852418},"size":5.610781669616699,"orthographic":false}