{"cameraMode":{"drawMode":0,"name":"Shaded","section":"Shading Mode"},"sceneLighting":true,"audioPlay":false,"sceneViewState":{"showFog":true,"showMaterialUpdate":true,"showSkybox":true,"showFlares":true,"showImageEffects":true,"showParticleSystems":true},"in2DMode":false,"pivot":{"x":-5.288891315460205,"y":2.6393723487854006,"z":-10.783490180969239},"rotation":{"x":-0.11231528967618942,"y":-0.004400760866701603,"z":-0.002855603350326419,"w":-0.9940289855003357},"size":10.597030639648438,"orthographic":false}