{"cameraMode":{"drawMode":0,"name":"Shaded","section":"Shading Mode"},"sceneLighting":true,"audioPlay":false,"sceneViewState":{"showFog":true,"showMaterialUpdate":true,"showSkybox":true,"showFlares":true,"showImageEffects":true,"showParticleSystems":true},"in2DMode":false,"pivot":{"x":11.155274391174317,"y":-4.340466499328613,"z":47.112586975097659},"rotation":{"x":0.030275452882051469,"y":-0.03480451554059982,"z":0.0015552111435681582,"w":0.9990856647491455},"size":77.83019256591797,"orthographic":false}