{"cameraMode":{"drawMode":0,"name":"Shaded","section":"Shading Mode"},"sceneLighting":true,"audioPlay":false,"sceneViewState":{"showFog":true,"showMaterialUpdate":true,"showSkybox":true,"showFlares":true,"showImageEffects":true,"showParticleSystems":true},"in2DMode":false,"pivot":{"x":-5.611411094665527,"y":8.508588790893555,"z":-10.973623275756836},"rotation":{"x":-0.2730830907821655,"y":0.14404335618019105,"z":-0.07235585898160935,"w":-0.9489614963531494},"size":16.183473587036134,"orthographic":false}