{"cameraMode":{"drawMode":0,"name":"Shaded","section":"Shading Mode"},"sceneLighting":true,"audioPlay":false,"sceneViewState":{"showFog":true,"showMaterialUpdate":true,"showSkybox":true,"showFlares":true,"showImageEffects":true,"showParticleSystems":true},"in2DMode":false,"pivot":{"x":0.9055054783821106,"y":-12.652045249938965,"z":42.57790756225586},"rotation":{"x":0.13636969029903413,"y":-0.018108194693922998,"z":0.0028685550205409528,"w":0.990600049495697},"size":68.20409393310547,"orthographic":false}