{"cameraMode":{"drawMode":0,"name":"Shaded","section":"Shading Mode"},"sceneLighting":true,"audioPlay":false,"sceneViewState":{"showFog":true,"showMaterialUpdate":true,"showSkybox":true,"showFlares":true,"showImageEffects":true,"showParticleSystems":true},"in2DMode":false,"pivot":{"x":1.8988573551177979,"y":2.199977397918701,"z":-21.148216247558595},"rotation":{"x":0.06899189203977585,"y":0.02156173624098301,"z":0.00038301365566439927,"w":0.9977017045021057},"size":5.257884502410889,"orthographic":false}