{"cameraMode":{"drawMode":0,"name":"Shaded","section":"Shading Mode"},"sceneLighting":true,"audioPlay":false,"sceneViewState":{"showFog":true,"showMaterialUpdate":true,"showSkybox":true,"showFlares":true,"showImageEffects":true,"showParticleSystems":true},"in2DMode":false,"pivot":{"x":36.45948028564453,"y":19.161893844604493,"z":-7.501093864440918},"rotation":{"x":-0.1596827358007431,"y":-0.11287066340446472,"z":0.01359547395259142,"w":-0.9810867309570313},"size":7.698952674865723,"orthographic":false}