{"cameraMode":{"drawMode":0,"name":"Shaded","section":"Shading Mode"},"sceneLighting":true,"audioPlay":false,"sceneViewState":{"showFog":true,"showMaterialUpdate":true,"showSkybox":false,"showFlares":true,"showImageEffects":true,"showParticleSystems":true},"in2DMode":false,"pivot":{"x":-4.44666051864624,"y":-0.19686651229858399,"z":-9.60908317565918},"rotation":{"x":0.046216558665037158,"y":-0.19131508469581605,"z":0.03642655536532402,"w":0.9801303148269653},"size":10.81326675415039,"orthographic":false}