{"cameraMode":{"drawMode":0,"name":"Shaded","section":"Shading Mode"},"sceneLighting":true,"audioPlay":false,"sceneViewState":{"showFog":true,"showMaterialUpdate":true,"showSkybox":true,"showFlares":true,"showImageEffects":true,"showParticleSystems":true},"in2DMode":false,"pivot":{"x":4.404001235961914,"y":0.42296355962753298,"z":-6.848939418792725},"rotation":{"x":-0.07439729571342468,"y":0.5437164306640625,"z":-0.05383451282978058,"w":-0.8347670435905457},"size":6.1465654373168949,"orthographic":false}