{"cameraMode":{"drawMode":0,"name":"Shaded","section":"Shading Mode"},"sceneLighting":true,"audioPlay":false,"sceneViewState":{"showFog":true,"showMaterialUpdate":true,"showSkybox":true,"showFlares":true,"showImageEffects":true,"showParticleSystems":true},"in2DMode":false,"pivot":{"x":12.727344512939454,"y":1.4915881156921387,"z":16.79014778137207},"rotation":{"x":-0.0598931685090065,"y":0.2181861400604248,"z":-0.022226829081773759,"w":-0.9744396805763245},"size":53.729774475097659,"orthographic":false}