{"cameraMode":{"drawMode":0,"name":"Shaded","section":"Shading Mode"},"sceneLighting":true,"audioPlay":false,"sceneViewState":{"showFog":true,"showMaterialUpdate":true,"showSkybox":true,"showFlares":true,"showImageEffects":true,"showParticleSystems":true},"in2DMode":false,"pivot":{"x":20.935863494873048,"y":55.05562210083008,"z":243.2523651123047},"rotation":{"x":-0.08991865068674088,"y":-0.02905600145459175,"z":0.009451322257518769,"w":0.9961491823196411},"size":268.9510803222656,"orthographic":false}