{"cameraMode":{"drawMode":0,"name":"Shaded","section":"Shading Mode"},"sceneLighting":true,"audioPlay":false,"sceneViewState":{"showFog":true,"showMaterialUpdate":true,"showSkybox":true,"showFlares":true,"showImageEffects":true,"showParticleSystems":true},"in2DMode":false,"pivot":{"x":17.710966110229493,"y":-228.15322875976563,"z":322.4082336425781},"rotation":{"x":0.3052549660205841,"y":-0.04065801203250885,"z":0.01474834606051445,"w":0.9515358209609985},"size":416.31280517578127,"orthographic":false}