{"cameraMode":{"drawMode":0,"name":"Shaded","section":"Shading Mode"},"sceneLighting":true,"audioPlay":false,"sceneViewState":{"showFog":true,"showMaterialUpdate":true,"showSkybox":true,"showFlares":true,"showImageEffects":true,"showParticleSystems":true},"in2DMode":false,"pivot":{"x":0.3846675455570221,"y":-0.010547962039709092,"z":-3.015009641647339},"rotation":{"x":-0.057012662291526797,"y":0.19641125202178956,"z":-0.014739872887730599,"w":-0.9791356325149536},"size":24.09796142578125,"orthographic":false}