{"cameraMode":{"drawMode":0,"name":"Shaded","section":"Shading Mode"},"sceneLighting":true,"audioPlay":false,"sceneViewState":{"showFog":true,"showMaterialUpdate":true,"showSkybox":true,"showFlares":true,"showImageEffects":true,"showParticleSystems":true},"in2DMode":false,"pivot":{"x":10.951790809631348,"y":0.5203820466995239,"z":-8.91823959350586},"rotation":{"x":-0.10375174880027771,"y":-0.052434179931879047,"z":0.001160142826847732,"w":-0.9936668276786804},"size":6.1465654373168949,"orthographic":false}