{"cameraMode":{"drawMode":0,"name":"Shaded","section":"Shading Mode"},"sceneLighting":false,"audioPlay":false,"sceneViewState":{"showFog":true,"showMaterialUpdate":true,"showSkybox":false,"showFlares":true,"showImageEffects":true,"showParticleSystems":true},"in2DMode":false,"pivot":{"x":-0.49000000953674319,"y":1.340000033378601,"z":-7.34999942779541},"rotation":{"x":0.15539804100990296,"y":-0.09473501890897751,"z":0.03853053227066994,"w":0.9835034608840942},"size":5.465282440185547,"orthographic":false}