{"cameraMode":{"drawMode":0,"name":"Shaded","section":"Shading Mode"},"sceneLighting":true,"audioPlay":false,"sceneViewState":{"showFog":true,"showMaterialUpdate":true,"showSkybox":true,"showFlares":true,"showImageEffects":true,"showParticleSystems":true},"in2DMode":false,"pivot":{"x":-4.425694465637207,"y":-4.202054023742676,"z":2.867870330810547},"rotation":{"x":-0.18455484509468079,"y":0.05121702328324318,"z":-0.03584136441349983,"w":-0.9811423420906067},"size":20.339933395385743,"orthographic":false}