{"cameraMode":{"drawMode":0,"name":"Shaded","section":"Shading Mode"},"sceneLighting":true,"audioPlay":false,"sceneViewState":{"showFog":true,"showMaterialUpdate":true,"showSkybox":true,"showFlares":true,"showImageEffects":true,"showParticleSystems":true},"in2DMode":false,"pivot":{"x":7.7202959060668949,"y":3.6548891067504885,"z":-15.491704940795899},"rotation":{"x":0.09010754525661469,"y":-0.12308763712644577,"z":0.01606474630534649,"w":0.9885308146476746},"size":6.734583377838135,"orthographic":false}