{"cameraMode":{"drawMode":0,"name":"Shaded","section":"Shading Mode"},"sceneLighting":true,"audioPlay":false,"sceneViewState":{"showFog":true,"showMaterialUpdate":true,"showSkybox":true,"showFlares":true,"showImageEffects":true,"showParticleSystems":true},"in2DMode":false,"pivot":{"x":-2.7065601348876955,"y":2.820802688598633,"z":-14.987943649291993},"rotation":{"x":0.02254275418817997,"y":0.12021681666374207,"z":-0.023218762129545213,"w":-0.9925075173377991},"size":4.657884120941162,"orthographic":false}