{"cameraMode":{"drawMode":0,"name":"Shaded","section":"Shading Mode"},"sceneLighting":true,"audioPlay":false,"sceneViewState":{"showFog":true,"showMaterialUpdate":true,"showSkybox":true,"showFlares":true,"showImageEffects":true,"showParticleSystems":true},"in2DMode":false,"pivot":{"x":1.7710298299789429,"y":1.886497974395752,"z":-15.746170043945313},"rotation":{"x":0.11343687772750855,"y":-0.07084903866052628,"z":0.00884658470749855,"w":0.9911970496177673},"size":2.14332914352417,"orthographic":false}