{"cameraMode":{"drawMode":0,"name":"Shaded","section":"Shading Mode"},"sceneLighting":true,"audioPlay":false,"sceneViewState":{"showFog":true,"showMaterialUpdate":true,"showSkybox":true,"showFlares":true,"showImageEffects":true,"showParticleSystems":true},"in2DMode":false,"pivot":{"x":6.801490783691406,"y":0.7225978374481201,"z":-6.525400161743164},"rotation":{"x":-0.04040855914354324,"y":0.012504099868237973,"z":-0.007872995920479298,"w":-0.9995388984680176},"size":22.0,"orthographic":false}