{"cameraMode":{"drawMode":0,"name":"Shaded","section":"Shading Mode"},"sceneLighting":true,"audioPlay":false,"sceneViewState":{"showFog":true,"showMaterialUpdate":true,"showSkybox":true,"showFlares":true,"showImageEffects":true,"showParticleSystems":true},"in2DMode":false,"pivot":{"x":29.31021499633789,"y":27.94060707092285,"z":-28.855693817138673},"rotation":{"x":0.024270765483379365,"y":0.1174844279885292,"z":-0.025733008980751039,"w":-0.9929677248001099},"size":22.0,"orthographic":false}