{"cameraMode":{"drawMode":0,"name":"Shaded","section":"Shading Mode"},"sceneLighting":true,"audioPlay":false,"sceneViewState":{"showFog":true,"showMaterialUpdate":true,"showSkybox":true,"showFlares":true,"showImageEffects":true,"showParticleSystems":true},"in2DMode":false,"pivot":{"x":10.300125122070313,"y":-27.521926879882814,"z":157.50379943847657},"rotation":{"x":-0.08699888736009598,"y":-0.013176245614886284,"z":-0.005044587887823582,"w":-0.996562659740448},"size":174.84597778320313,"orthographic":false}