{"cameraMode":{"drawMode":0,"name":"Shaded","section":"Shading Mode"},"sceneLighting":true,"audioPlay":false,"sceneViewState":{"showFog":true,"showMaterialUpdate":true,"showSkybox":true,"showFlares":true,"showImageEffects":true,"showParticleSystems":true},"in2DMode":false,"pivot":{"x":14.603841781616211,"y":6.046675682067871,"z":-27.968286514282228},"rotation":{"x":0.06892193108797074,"y":0.08861972391605377,"z":-0.003539272118359804,"w":0.99394690990448},"size":5.4383955001831059,"orthographic":false}