{"cameraMode":{"drawMode":0,"name":"Shaded","section":"Shading Mode"},"sceneLighting":true,"audioPlay":false,"sceneViewState":{"showFog":true,"showMaterialUpdate":true,"showSkybox":true,"showFlares":true,"showImageEffects":true,"showParticleSystems":true},"in2DMode":false,"pivot":{"x":7.7253289222717289,"y":3.678255558013916,"z":40.13580322265625},"rotation":{"x":0.010234273038804531,"y":-0.04565252736210823,"z":-0.006155447568744421,"w":-0.9993314743041992},"size":68.14942932128906,"orthographic":false}