{"cameraMode":{"drawMode":0,"name":"Shaded","section":"Shading Mode"},"sceneLighting":true,"audioPlay":false,"sceneViewState":{"showFog":true,"showMaterialUpdate":true,"showSkybox":true,"showFlares":true,"showImageEffects":true,"showParticleSystems":true},"in2DMode":false,"pivot":{"x":-23.43568992614746,"y":-57.70482635498047,"z":200.85543823242188},"rotation":{"x":0.13325637578964234,"y":-0.05108313634991646,"z":0.030072825029492379,"w":0.9902394413948059},"size":228.3035888671875,"orthographic":false}