{"cameraMode":{"drawMode":0,"name":"Shaded","section":"Shading Mode"},"sceneLighting":true,"audioPlay":false,"sceneViewState":{"showFog":true,"showMaterialUpdate":true,"showSkybox":true,"showFlares":true,"showImageEffects":true,"showParticleSystems":true},"in2DMode":false,"pivot":{"x":-2.96787166595459,"y":10.376873016357422,"z":-9.455262184143067},"rotation":{"x":-0.21536779403686524,"y":0.04504111409187317,"z":-0.04024278745055199,"w":-0.9752301573753357},"size":16.183473587036134,"orthographic":false}