{"cameraMode":{"drawMode":0,"name":"Shaded","section":"Shading Mode"},"sceneLighting":true,"audioPlay":false,"sceneViewState":{"showFog":true,"showMaterialUpdate":true,"showSkybox":true,"showFlares":true,"showImageEffects":true,"showParticleSystems":true},"in2DMode":false,"pivot":{"x":-2.7572407722473146,"y":1.8588104248046876,"z":6.956268310546875},"rotation":{"x":-0.06733494251966477,"y":0.11649327725172043,"z":-0.018045984208583833,"w":-0.991378903388977},"size":29.491046905517579,"orthographic":false}