{"cameraMode":{"drawMode":0,"name":"Shaded","section":"Shading Mode"},"sceneLighting":true,"audioPlay":false,"sceneViewState":{"showFog":true,"showMaterialUpdate":true,"showSkybox":true,"showFlares":true,"showImageEffects":true,"showParticleSystems":true},"in2DMode":false,"pivot":{"x":15.814976692199707,"y":-47.825172424316409,"z":151.47547912597657},"rotation":{"x":-0.146608367562294,"y":-0.0683169960975647,"z":0.003919383976608515,"w":-0.9872837662696838},"size":174.84597778320313,"orthographic":false}