{"cameraMode":{"drawMode":0,"name":"Shaded","section":"Shading Mode"},"sceneLighting":true,"audioPlay":false,"sceneViewState":{"showFog":true,"showMaterialUpdate":true,"showSkybox":true,"showFlares":true,"showImageEffects":true,"showParticleSystems":true},"in2DMode":false,"pivot":{"x":-12.736955642700196,"y":-3.1424477100372316,"z":14.670726776123047},"rotation":{"x":0.15318690240383149,"y":-0.15554195642471314,"z":0.05281929671764374,"w":0.9748743176460266},"size":40.35470962524414,"orthographic":false}