{"cameraMode":{"drawMode":0,"name":"Shaded","section":"Shading Mode"},"sceneLighting":true,"audioPlay":false,"sceneViewState":{"showFog":true,"showMaterialUpdate":true,"showSkybox":true,"showFlares":true,"showImageEffects":true,"showParticleSystems":true},"in2DMode":false,"pivot":{"x":-2.8252310752868654,"y":5.361501216888428,"z":-17.597400665283204},"rotation":{"x":-0.07972057163715363,"y":-0.0708414763212204,"z":-0.024628976359963418,"w":-0.9945745468139648},"size":7.487168788909912,"orthographic":false}