{"cameraMode":{"drawMode":0,"name":"Shaded","section":"Shading Mode"},"sceneLighting":true,"audioPlay":false,"sceneViewState":{"showFog":true,"showMaterialUpdate":true,"showSkybox":true,"showFlares":true,"showImageEffects":true,"showParticleSystems":true},"in2DMode":false,"pivot":{"x":-6.970400810241699,"y":1.7484924793243409,"z":-11.036815643310547},"rotation":{"x":0.037352800369262698,"y":-0.0383995920419693,"z":0.004646221175789833,"w":0.9989196062088013},"size":10.597030639648438,"orthographic":false}