{"cameraMode":{"drawMode":0,"name":"Shaded","section":"Shading Mode"},"sceneLighting":true,"audioPlay":false,"sceneViewState":{"showFog":true,"showMaterialUpdate":true,"showSkybox":true,"showFlares":true,"showImageEffects":true,"showParticleSystems":true},"in2DMode":false,"pivot":{"x":0.27322763204574587,"y":-26.082849502563478,"z":120.81552124023438},"rotation":{"x":0.10525886714458466,"y":0.019627928733825685,"z":0.02009676769375801,"w":0.9949370622634888},"size":138.01690673828126,"orthographic":false}