{"cameraMode":{"drawMode":0,"name":"Shaded","section":"Shading Mode"},"sceneLighting":true,"audioPlay":false,"sceneViewState":{"showFog":true,"showMaterialUpdate":true,"showSkybox":true,"showFlares":true,"showImageEffects":true,"showParticleSystems":true},"in2DMode":false,"pivot":{"x":0.15066219866275788,"y":0.17764747142791749,"z":-16.535539627075197},"rotation":{"x":-0.047988440841436389,"y":-0.02190413884818554,"z":-0.000596101803239435,"w":0.9987961053848267},"size":4.933268070220947,"orthographic":false}