{"cameraMode":{"drawMode":0,"name":"Shaded","section":"Shading Mode"},"sceneLighting":true,"audioPlay":false,"sceneViewState":{"showFog":true,"showMaterialUpdate":true,"showSkybox":true,"showFlares":true,"showImageEffects":true,"showParticleSystems":true},"in2DMode":false,"pivot":{"x":-7.436898708343506,"y":16.790002822875978,"z":-5.963016510009766},"rotation":{"x":-0.1125725731253624,"y":-0.056019894778728488,"z":0.001429767464287579,"w":0.9926177859306336},"size":18.943449020385743,"orthographic":false}