{"cameraMode":{"drawMode":0,"name":"Shaded","section":"Shading Mode"},"sceneLighting":true,"audioPlay":false,"sceneViewState":{"showFog":true,"showMaterialUpdate":true,"showSkybox":true,"showFlares":true,"showImageEffects":true,"showParticleSystems":true},"in2DMode":false,"pivot":{"x":33.93572998046875,"y":30.581836700439454,"z":-40.71575927734375},"rotation":{"x":-0.09389729052782059,"y":0.09578104317188263,"z":-0.038662053644657138,"w":-0.9907576441764832},"size":16.183473587036134,"orthographic":false}