{"cameraMode":{"drawMode":0,"name":"Shaded","section":"Shading Mode"},"sceneLighting":true,"audioPlay":false,"sceneViewState":{"showFog":true,"showMaterialUpdate":true,"showSkybox":true,"showFlares":true,"showImageEffects":true,"showParticleSystems":true},"in2DMode":false,"pivot":{"x":-0.533268928527832,"y":6.915182113647461,"z":-0.2904319763183594},"rotation":{"x":-0.18627825379371644,"y":0.4788084626197815,"z":-0.14400410652160645,"w":-0.8465407490730286},"size":27.126293182373048,"orthographic":false}