{"cameraMode":{"drawMode":0,"name":"Shaded","section":"Shading Mode"},"sceneLighting":true,"audioPlay":false,"sceneViewState":{"showFog":true,"showMaterialUpdate":true,"showSkybox":true,"showFlares":true,"showImageEffects":true,"showParticleSystems":true},"in2DMode":false,"pivot":{"x":17.24318504333496,"y":3.5944652557373049,"z":-24.883466720581056},"rotation":{"x":-0.18488776683807374,"y":-0.0425962433218956,"z":-0.006266518495976925,"w":0.982133150100708},"size":4.357883930206299,"orthographic":false}