{"cameraMode":{"drawMode":0,"name":"Shaded","section":"Shading Mode"},"sceneLighting":true,"audioPlay":false,"sceneViewState":{"showFog":true,"showMaterialUpdate":true,"showSkybox":true,"showFlares":true,"showImageEffects":true,"showParticleSystems":true},"in2DMode":false,"pivot":{"x":4.752836227416992,"y":1.9666043519973755,"z":-20.156770706176759},"rotation":{"x":0.09753122180700302,"y":-0.12297170609235764,"z":0.016887323930859567,"w":0.9878237247467041},"size":5.534582614898682,"orthographic":false}