{"cameraMode":{"drawMode":0,"name":"Shaded","section":"Shading Mode"},"sceneLighting":true,"audioPlay":false,"sceneViewState":{"showFog":true,"showMaterialUpdate":true,"showSkybox":true,"showFlares":true,"showImageEffects":true,"showParticleSystems":true},"in2DMode":false,"pivot":{"x":29.84288787841797,"y":-43.236366271972659,"z":89.23043823242188},"rotation":{"x":-0.2245972454547882,"y":-0.141841322183609,"z":0.026879968121647836,"w":-0.964159369468689},"size":136.2985076904297,"orthographic":false}