{"cameraMode":{"drawMode":0,"name":"Shaded","section":"Shading Mode"},"sceneLighting":true,"audioPlay":false,"sceneViewState":{"showFog":true,"showMaterialUpdate":true,"showSkybox":true,"showFlares":true,"showImageEffects":true,"showParticleSystems":true},"in2DMode":false,"pivot":{"x":2.302152633666992,"y":4.073319435119629,"z":-13.111120223999024},"rotation":{"x":0.08191990107297898,"y":-0.06666828691959381,"z":0.01043387595564127,"w":0.9947320222854614},"size":7.037639617919922,"orthographic":false}