{"cameraMode":{"drawMode":0,"name":"Shaded","section":"Shading Mode"},"sceneLighting":true,"audioPlay":false,"sceneViewState":{"showFog":true,"showMaterialUpdate":true,"showSkybox":true,"showFlares":true,"showImageEffects":true,"showParticleSystems":true},"in2DMode":false,"pivot":{"x":8.825654029846192,"y":0.6629571914672852,"z":-8.298715591430664},"rotation":{"x":0.1344115287065506,"y":0.06308568269014359,"z":-0.0075804684311151508,"w":0.9891158938407898},"size":4.243329048156738,"orthographic":false}