{"cameraMode":{"drawMode":0,"name":"Shaded","section":"Shading Mode"},"sceneLighting":true,"audioPlay":false,"sceneViewState":{"showFog":true,"showMaterialUpdate":true,"showSkybox":true,"showFlares":true,"showImageEffects":true,"showParticleSystems":true},"in2DMode":false,"pivot":{"x":16.130203247070314,"y":19.529508590698243,"z":-30.334875106811525},"rotation":{"x":0.1521940678358078,"y":-0.01741594448685646,"z":0.01755451411008835,"w":0.9887994527816773},"size":3.363245964050293,"orthographic":false}