{"cameraMode":{"drawMode":0,"name":"Shaded","section":"Shading Mode"},"sceneLighting":true,"audioPlay":false,"sceneViewState":{"showFog":true,"showMaterialUpdate":true,"showSkybox":true,"showFlares":true,"showImageEffects":true,"showParticleSystems":true},"in2DMode":false,"pivot":{"x":17.232303619384767,"y":2.384342908859253,"z":-25.06945037841797},"rotation":{"x":-0.023758677765727044,"y":-0.17092981934547425,"z":-0.0016747680492699147,"w":0.9853453636169434},"size":6.358434200286865,"orthographic":false}