{"cameraMode":{"drawMode":0,"name":"Shaded","section":"Shading Mode"},"sceneLighting":true,"audioPlay":false,"sceneViewState":{"showFog":true,"showMaterialUpdate":true,"showSkybox":true,"showFlares":true,"showImageEffects":true,"showParticleSystems":true},"in2DMode":false,"pivot":{"x":-3.458117723464966,"y":4.14975118637085,"z":-14.000563621520996},"rotation":{"x":0.08419804275035858,"y":-0.09032613039016724,"z":0.0175170935690403,"w":0.9928136467933655},"size":6.57120418548584,"orthographic":false}