{"cameraMode":{"drawMode":0,"name":"Shaded","section":"Shading Mode"},"sceneLighting":true,"audioPlay":false,"sceneViewState":{"showFog":true,"showMaterialUpdate":true,"showSkybox":true,"showFlares":true,"showImageEffects":true,"showParticleSystems":true},"in2DMode":false,"pivot":{"x":8.191390991210938,"y":5.2629241943359379,"z":-6.761903762817383},"rotation":{"x":0.06047409772872925,"y":-0.16323257982730866,"z":0.029508672654628755,"w":0.9851046204566956},"size":26.02677345275879,"orthographic":false}