{"cameraMode":{"drawMode":0,"name":"Shaded","section":"Shading Mode"},"sceneLighting":true,"audioPlay":false,"sceneViewState":{"showFog":true,"showMaterialUpdate":true,"showSkybox":true,"showFlares":true,"showImageEffects":true,"showParticleSystems":true},"in2DMode":false,"pivot":{"x":-1.5566976070404053,"y":-7.047548294067383,"z":22.200502395629884},"rotation":{"x":-0.15836945176124574,"y":0.06773810088634491,"z":-0.0447436086833477,"w":-0.9847435355186462},"size":44.102874755859378,"orthographic":false}