{"cameraMode":{"drawMode":0,"name":"Shaded","section":"Shading Mode"},"sceneLighting":true,"audioPlay":false,"sceneViewState":{"showFog":true,"showMaterialUpdate":true,"showSkybox":true,"showFlares":true,"showImageEffects":true,"showParticleSystems":true},"in2DMode":false,"pivot":{"x":10.732069969177246,"y":1.7814576625823975,"z":-27.563661575317384},"rotation":{"x":-0.04050522297620773,"y":-0.036945801228284839,"z":-0.000573501514736563,"w":0.9987512230873108},"size":7.450232982635498,"orthographic":false}