{"cameraMode":{"drawMode":0,"name":"Shaded","section":"Shading Mode"},"sceneLighting":true,"audioPlay":false,"sceneViewState":{"showFog":true,"showMaterialUpdate":true,"showSkybox":true,"showFlares":true,"showImageEffects":true,"showParticleSystems":true},"in2DMode":false,"pivot":{"x":2.8501527309417726,"y":-0.7421858310699463,"z":1.1015472412109376},"rotation":{"x":-0.13166476786136628,"y":0.0013706168392673135,"z":-0.007554882671684027,"w":-0.9917848706245422},"size":16.701335906982423,"orthographic":false}