{"cameraMode":{"drawMode":0,"name":"Shaded","section":"Shading Mode"},"sceneLighting":false,"audioPlay":false,"sceneViewState":{"showFog":true,"showMaterialUpdate":true,"showSkybox":true,"showFlares":true,"showImageEffects":true,"showParticleSystems":true},"in2DMode":false,"pivot":{"x":2.96449875831604,"y":2.0413706302642824,"z":-6.953100204467773},"rotation":{"x":-0.15118731558322907,"y":0.022829877212643625,"z":-0.003492455231025815,"w":-0.9882363080978394},"size":14.2210054397583,"orthographic":false}