{"cameraMode":{"drawMode":0,"name":"Shaded","section":"Shading Mode"},"sceneLighting":true,"audioPlay":false,"sceneViewState":{"showFog":true,"showMaterialUpdate":true,"showSkybox":true,"showFlares":true,"showImageEffects":true,"showParticleSystems":true},"in2DMode":false,"pivot":{"x":-62.312862396240237,"y":-28.442049026489259,"z":106.09524536132813},"rotation":{"x":-0.10260643810033798,"y":0.23914186656475068,"z":-0.029335210099816324,"w":-0.9655292630195618},"size":161.96495056152345,"orthographic":false}