{"cameraMode":{"drawMode":0,"name":"Shaded","section":"Shading Mode"},"sceneLighting":true,"audioPlay":false,"sceneViewState":{"showFog":true,"showMaterialUpdate":true,"showSkybox":true,"showFlares":true,"showImageEffects":true,"showParticleSystems":true},"in2DMode":false,"pivot":{"x":-8.664020538330079,"y":0.6886175870895386,"z":-11.589401245117188},"rotation":{"x":0.04049602150917053,"y":-0.002432409208267927,"z":0.0025705506559461357,"w":0.9995129704475403},"size":5.857884883880615,"orthographic":false}