{"cameraMode":{"drawMode":0,"name":"Shaded","section":"Shading Mode"},"sceneLighting":true,"audioPlay":false,"sceneViewState":{"showFog":true,"showMaterialUpdate":true,"showSkybox":true,"showFlares":true,"showImageEffects":true,"showParticleSystems":true},"in2DMode":false,"pivot":{"x":9.63089370727539,"y":9.653084754943848,"z":-35.786895751953128},"rotation":{"x":0.022356081753969194,"y":-0.0684284195303917,"z":0.002935287542641163,"w":0.9976840019226074},"size":6.510782241821289,"orthographic":false}