{"cameraMode":{"drawMode":0,"name":"Shaded","section":"Shading Mode"},"sceneLighting":true,"audioPlay":false,"sceneViewState":{"showFog":true,"showMaterialUpdate":true,"showSkybox":true,"showFlares":true,"showImageEffects":true,"showParticleSystems":true},"in2DMode":false,"pivot":{"x":35.415279388427737,"y":42.834075927734378,"z":-36.86642837524414},"rotation":{"x":0.19529138505458833,"y":-0.10532284528017044,"z":0.048809800297021869,"w":0.9742364287376404},"size":3.3000552654266359,"orthographic":false}