{"cameraMode":{"drawMode":0,"name":"Shaded","section":"Shading Mode"},"sceneLighting":true,"audioPlay":false,"sceneViewState":{"showFog":true,"showMaterialUpdate":true,"showSkybox":true,"showFlares":true,"showImageEffects":true,"showParticleSystems":true},"in2DMode":false,"pivot":{"x":-11.353228569030762,"y":-16.848682403564454,"z":34.599769592285159},"rotation":{"x":0.1566445529460907,"y":-0.15123681724071504,"z":0.05066192150115967,"w":0.9750064611434937},"size":66.75586700439453,"orthographic":false}