{"cameraMode":{"drawMode":0,"name":"Shaded","section":"Shading Mode"},"sceneLighting":true,"audioPlay":false,"sceneViewState":{"showFog":true,"showMaterialUpdate":true,"showSkybox":true,"showFlares":true,"showImageEffects":true,"showParticleSystems":true},"in2DMode":false,"pivot":{"x":9.45390510559082,"y":14.557647705078125,"z":-24.097450256347658},"rotation":{"x":-0.17970749735832215,"y":0.09535221010446549,"z":-0.020782308652997018,"w":-0.9792497158050537},"size":4.566384792327881,"orthographic":false}