{"cameraMode":{"drawMode":0,"name":"Shaded","section":"Shading Mode"},"sceneLighting":true,"audioPlay":false,"sceneViewState":{"showFog":true,"showMaterialUpdate":true,"showSkybox":true,"showFlares":true,"showImageEffects":true,"showParticleSystems":true},"in2DMode":false,"pivot":{"x":-0.1622389554977417,"y":-1.8840177059173585,"z":8.591516494750977},"rotation":{"x":-0.04522832855582237,"y":0.05365138128399849,"z":-0.0025078479666262867,"w":-0.9975873231887817},"size":29.530820846557618,"orthographic":false}