{"cameraMode":{"drawMode":0,"name":"Shaded","section":"Shading Mode"},"sceneLighting":true,"audioPlay":false,"sceneViewState":{"showFog":true,"showMaterialUpdate":true,"showSkybox":true,"showFlares":true,"showImageEffects":true,"showParticleSystems":true},"in2DMode":false,"pivot":{"x":41.49701690673828,"y":24.476957321166993,"z":-14.060096740722657},"rotation":{"x":0.08360321819782257,"y":0.4636757969856262,"z":-0.03101428598165512,"w":0.8822960257530212},"size":29.637052536010743,"orthographic":false}