{"cameraMode":{"drawMode":0,"name":"Shaded","section":"Shading Mode"},"sceneLighting":true,"audioPlay":false,"sceneViewState":{"showFog":true,"showMaterialUpdate":true,"showSkybox":true,"showFlares":true,"showImageEffects":true,"showParticleSystems":true},"in2DMode":false,"pivot":{"x":1.1776371002197266,"y":1.700192928314209,"z":-16.194347381591798},"rotation":{"x":-0.0030360189266502859,"y":-0.10125776380300522,"z":0.00020266938372515142,"w":0.9950565099716187},"size":4.933268070220947,"orthographic":false}