{"cameraMode":{"drawMode":0,"name":"Shaded","section":"Shading Mode"},"sceneLighting":true,"audioPlay":false,"sceneViewState":{"showFog":true,"showMaterialUpdate":true,"showSkybox":true,"showFlares":true,"showImageEffects":true,"showParticleSystems":true},"in2DMode":false,"pivot":{"x":4.1307783126831059,"y":3.0371782779693605,"z":-20.097280502319337},"rotation":{"x":0.08725156635046005,"y":0.04434019699692726,"z":-0.0014265560312196613,"w":0.9955431818962097},"size":9.190698623657227,"orthographic":false}