{"cameraMode":{"drawMode":0,"name":"Shaded","section":"Shading Mode"},"sceneLighting":true,"audioPlay":false,"sceneViewState":{"showFog":true,"showMaterialUpdate":true,"showSkybox":true,"showFlares":true,"showImageEffects":true,"showParticleSystems":true},"in2DMode":false,"pivot":{"x":22.132749557495118,"y":-3.0714006423950197,"z":7.713127136230469},"rotation":{"x":0.23466961085796357,"y":0.031198833137750627,"z":-0.007539532147347927,"w":0.9715580344200134},"size":22.0,"orthographic":false}