{"cameraMode":{"drawMode":0,"name":"Shaded","section":"Shading Mode"},"sceneLighting":false,"audioPlay":false,"sceneViewState":{"showFog":true,"showMaterialUpdate":true,"showSkybox":false,"showFlares":true,"showImageEffects":true,"showParticleSystems":true},"in2DMode":false,"pivot":{"x":0.693520724773407,"y":0.03855402022600174,"z":0.16913925111293794},"rotation":{"x":0.029390260577201844,"y":-0.6228228807449341,"z":0.0473608523607254,"w":0.7813905477523804},"size":0.4863309860229492,"orthographic":false}