{"cameraMode":{"drawMode":0,"name":"Shaded","section":"Shading Mode"},"sceneLighting":true,"audioPlay":false,"sceneViewState":{"showFog":true,"showMaterialUpdate":true,"showSkybox":true,"showFlares":true,"showImageEffects":true,"showParticleSystems":true},"in2DMode":false,"pivot":{"x":-3.6867003440856935,"y":4.4447922706604,"z":-1.3642420768737794},"rotation":{"x":-0.06630363315343857,"y":0.13247308135032655,"z":-0.034424182027578357,"w":-0.9886234402656555},"size":20.074302673339845,"orthographic":false}