{"cameraMode":{"drawMode":0,"name":"Shaded","section":"Shading Mode"},"sceneLighting":true,"audioPlay":false,"sceneViewState":{"showFog":true,"showMaterialUpdate":true,"showSkybox":true,"showFlares":true,"showImageEffects":true,"showParticleSystems":true},"in2DMode":false,"pivot":{"x":21.65434455871582,"y":7.684596061706543,"z":-30.97540855407715},"rotation":{"x":0.07475167512893677,"y":-0.06876137852668762,"z":-0.0052061681635677818,"w":-0.994869589805603},"size":0.773632287979126,"orthographic":false}