{"cameraMode":{"drawMode":0,"name":"Shaded","section":"Shading Mode"},"sceneLighting":true,"audioPlay":false,"sceneViewState":{"showFog":true,"showMaterialUpdate":true,"showSkybox":true,"showFlares":true,"showImageEffects":true,"showParticleSystems":true},"in2DMode":false,"pivot":{"x":-10.469018936157227,"y":-6.982632160186768,"z":10.159284591674805},"rotation":{"x":0.136417418718338,"y":-0.36259725689888,"z":0.05422145500779152,"w":0.9204506874084473},"size":33.620994567871097,"orthographic":false}