{"cameraMode":{"drawMode":0,"name":"Shaded","section":"Shading Mode"},"sceneLighting":true,"audioPlay":false,"sceneViewState":{"showFog":true,"showMaterialUpdate":true,"showSkybox":true,"showFlares":true,"showImageEffects":true,"showParticleSystems":true},"in2DMode":false,"pivot":{"x":-2.893070697784424,"y":1.1113982200622559,"z":-2.5894603729248049},"rotation":{"x":-0.1477101445198059,"y":-0.06751003116369248,"z":-0.016122067347168924,"w":-0.9868958592414856},"size":19.503543853759767,"orthographic":false}