{"cameraMode":{"drawMode":0,"name":"Shaded","section":"Shading Mode"},"sceneLighting":true,"audioPlay":false,"sceneViewState":{"showFog":true,"showMaterialUpdate":true,"showSkybox":true,"showFlares":true,"showImageEffects":true,"showParticleSystems":true},"in2DMode":false,"pivot":{"x":-3.9142982959747316,"y":-0.23544035851955415,"z":1.5929781198501588},"rotation":{"x":-0.10935881733894348,"y":-0.00585114536806941,"z":-0.005669805686920881,"w":-0.9944278597831726},"size":21.010000228881837,"orthographic":false}