{"cameraMode":{"drawMode":0,"name":"Shaded","section":"Shading Mode"},"sceneLighting":true,"audioPlay":false,"sceneViewState":{"showFog":true,"showMaterialUpdate":true,"showSkybox":true,"showFlares":true,"showImageEffects":true,"showParticleSystems":true},"in2DMode":false,"pivot":{"x":4.9864044189453129,"y":-2.50999116897583,"z":31.26218605041504},"rotation":{"x":0.062185224145650867,"y":0.036700040102005008,"z":0.01780766248703003,"w":0.9980554580688477},"size":62.25905227661133,"orthographic":false}