{"cameraMode":{"drawMode":0,"name":"Shaded","section":"Shading Mode"},"sceneLighting":true,"audioPlay":false,"sceneViewState":{"showFog":true,"showMaterialUpdate":true,"showSkybox":true,"showFlares":true,"showImageEffects":true,"showParticleSystems":true},"in2DMode":false,"pivot":{"x":0.641629159450531,"y":2.6157264709472658,"z":-18.425996780395509},"rotation":{"x":0.021912315860390664,"y":0.049457013607025149,"z":0.01757112331688404,"w":0.9991744756698608},"size":2.4632461071014406,"orthographic":false}