{"cameraMode":{"drawMode":0,"name":"Shaded","section":"Shading Mode"},"sceneLighting":true,"audioPlay":false,"sceneViewState":{"showFog":true,"showMaterialUpdate":true,"showSkybox":true,"showFlares":true,"showImageEffects":true,"showParticleSystems":true},"in2DMode":false,"pivot":{"x":-13.042893409729004,"y":-1.9481574296951295,"z":-11.553257942199707},"rotation":{"x":0.045215342193841937,"y":-0.09067826718091965,"z":0.03107360191643238,"w":0.9947490692138672},"size":6.300056457519531,"orthographic":false}