{"cameraMode":{"drawMode":0,"name":"Shaded","section":"Shading Mode"},"sceneLighting":true,"audioPlay":false,"sceneViewState":{"showFog":true,"showMaterialUpdate":true,"showSkybox":true,"showFlares":true,"showImageEffects":true,"showParticleSystems":true},"in2DMode":false,"pivot":{"x":16.89415740966797,"y":6.038571834564209,"z":-20.17765235900879},"rotation":{"x":0.002870529890060425,"y":0.04374122619628906,"z":-0.004080086015164852,"w":-0.999467134475708},"size":11.154292106628418,"orthographic":false}