{"cameraMode":{"drawMode":0,"name":"Shaded","section":"Shading Mode"},"sceneLighting":true,"audioPlay":false,"sceneViewState":{"showFog":true,"showMaterialUpdate":true,"showSkybox":true,"showFlares":true,"showImageEffects":true,"showParticleSystems":true},"in2DMode":false,"pivot":{"x":-85.57344818115235,"y":-28.526336669921876,"z":176.7432861328125},"rotation":{"x":0.07153861224651337,"y":-0.22456882894039155,"z":0.01804036647081375,"w":0.971960186958313},"size":228.22842407226563,"orthographic":false}