{"cameraMode":{"drawMode":0,"name":"Shaded","section":"Shading Mode"},"sceneLighting":true,"audioPlay":false,"sceneViewState":{"showFog":true,"showMaterialUpdate":true,"showSkybox":true,"showFlares":true,"showImageEffects":true,"showParticleSystems":true},"in2DMode":false,"pivot":{"x":12.075101852416993,"y":2.68609619140625,"z":-5.013410568237305},"rotation":{"x":-0.12611298263072968,"y":-0.011044725775718689,"z":-0.00580382626503706,"w":-0.9925209283828735},"size":25.0291748046875,"orthographic":false}