{"cameraMode":{"drawMode":0,"name":"Shaded","section":"Shading Mode"},"sceneLighting":true,"audioPlay":false,"sceneViewState":{"showFog":true,"showMaterialUpdate":true,"showSkybox":true,"showFlares":true,"showImageEffects":true,"showParticleSystems":true},"in2DMode":false,"pivot":{"x":-3.825033664703369,"y":-11.13078498840332,"z":17.327550888061525},"rotation":{"x":-0.15733866393566132,"y":0.16623176634311677,"z":-0.03020385466516018,"w":-0.9733796715736389},"size":52.803165435791019,"orthographic":false}