{"cameraMode":{"drawMode":0,"name":"Shaded","section":"Shading Mode"},"sceneLighting":true,"audioPlay":false,"sceneViewState":{"showFog":true,"showMaterialUpdate":true,"showSkybox":true,"showFlares":true,"showImageEffects":true,"showParticleSystems":true},"in2DMode":false,"pivot":{"x":-1.812512755393982,"y":5.625645637512207,"z":-23.689729690551759},"rotation":{"x":0.010529150255024434,"y":0.00307596568018198,"z":0.007460052613168955,"w":1.0004686117172242},"size":6.9191484451293949,"orthographic":false}