{"cameraMode":{"drawMode":0,"name":"Shaded","section":"Shading Mode"},"sceneLighting":true,"audioPlay":false,"sceneViewState":{"showFog":true,"showMaterialUpdate":true,"showSkybox":true,"showFlares":true,"showImageEffects":true,"showParticleSystems":true},"in2DMode":false,"pivot":{"x":-13.612573623657227,"y":-3.4430549144744875,"z":42.4703369140625},"rotation":{"x":0.04970831423997879,"y":-0.03503410890698433,"z":0.0035520486999303104,"w":0.9983989596366882},"size":90.92841339111328,"orthographic":false}