{"cameraMode":{"drawMode":0,"name":"Shaded","section":"Shading Mode"},"sceneLighting":true,"audioPlay":false,"sceneViewState":{"showFog":true,"showMaterialUpdate":true,"showSkybox":true,"showFlares":true,"showImageEffects":true,"showParticleSystems":true},"in2DMode":false,"pivot":{"x":-1.7235260009765626,"y":0.6000276803970337,"z":-1.2661919593811036},"rotation":{"x":0.050991471856832507,"y":0.011103423312306404,"z":-0.00004328376962803304,"w":0.9988381266593933},"size":22.599998474121095,"orthographic":false}