{"cameraMode":{"drawMode":0,"name":"Shaded","section":"Shading Mode"},"sceneLighting":true,"audioPlay":false,"sceneViewState":{"showFog":true,"showMaterialUpdate":true,"showSkybox":true,"showFlares":true,"showImageEffects":true,"showParticleSystems":true},"in2DMode":false,"pivot":{"x":0.6809151768684387,"y":7.307689666748047,"z":-42.35909652709961},"rotation":{"x":0.1271633356809616,"y":-0.006730431225150824,"z":0.004744401667267084,"w":0.9921702146530151},"size":3.1430630683898927,"orthographic":false}