{"cameraMode":{"drawMode":0,"name":"Shaded","section":"Shading Mode"},"sceneLighting":true,"audioPlay":false,"sceneViewState":{"showFog":true,"showMaterialUpdate":true,"showSkybox":true,"showFlares":true,"showImageEffects":true,"showParticleSystems":true},"in2DMode":false,"pivot":{"x":-6.084078788757324,"y":-2.2280220985412599,"z":4.327807426452637},"rotation":{"x":-0.11368533223867417,"y":0.013378463685512543,"z":-0.008984692394733429,"w":-0.99385666847229},"size":22.0,"orthographic":false}