{"cameraMode":{"drawMode":0,"name":"Shaded","section":"Shading Mode"},"sceneLighting":true,"audioPlay":false,"sceneViewState":{"showFog":true,"showMaterialUpdate":true,"showSkybox":true,"showFlares":true,"showImageEffects":true,"showParticleSystems":true},"in2DMode":false,"pivot":{"x":6.011981964111328,"y":-0.27141907811164858,"z":32.32056427001953},"rotation":{"x":-0.0019241152331233025,"y":-0.016170615330338479,"z":-0.03135797008872032,"w":-0.9999865293502808},"size":43.14662170410156,"orthographic":false}