{"cameraMode":{"drawMode":0,"name":"Shaded","section":"Shading Mode"},"sceneLighting":true,"audioPlay":false,"sceneViewState":{"showFog":true,"showMaterialUpdate":true,"showSkybox":true,"showFlares":true,"showImageEffects":true,"showParticleSystems":true},"in2DMode":false,"pivot":{"x":0.7354008555412293,"y":5.753469944000244,"z":-13.16296672821045},"rotation":{"x":0.2851163148880005,"y":0.09316597133874893,"z":0.00043405842734500766,"w":0.9543386101722717},"size":0.900055468082428,"orthographic":false}