{"cameraMode":{"drawMode":0,"name":"Shaded","section":"Shading Mode"},"sceneLighting":true,"audioPlay":false,"sceneViewState":{"showFog":true,"showMaterialUpdate":true,"showSkybox":true,"showFlares":true,"showImageEffects":true,"showParticleSystems":true},"in2DMode":false,"pivot":{"x":-11.886454582214356,"y":5.793735504150391,"z":4.226651191711426},"rotation":{"x":-0.03570447862148285,"y":-0.24821783602237702,"z":0.00032222509616985917,"w":0.9686614274978638},"size":22.0,"orthographic":false}