{"cameraMode":{"drawMode":0,"name":"Shaded","section":"Shading Mode"},"sceneLighting":true,"audioPlay":false,"sceneViewState":{"showFog":true,"showMaterialUpdate":true,"showSkybox":true,"showFlares":true,"showImageEffects":true,"showParticleSystems":true},"in2DMode":false,"pivot":{"x":15.84738826751709,"y":4.039468288421631,"z":-15.816766738891602},"rotation":{"x":-0.09482730180025101,"y":0.13535133004188538,"z":-0.016566071659326555,"w":-0.9865126609802246},"size":14.46474838256836,"orthographic":false}