{"cameraMode":{"drawMode":0,"name":"Shaded","section":"Shading Mode"},"sceneLighting":true,"audioPlay":false,"sceneViewState":{"showFog":true,"showMaterialUpdate":true,"showSkybox":true,"showFlares":true,"showImageEffects":true,"showParticleSystems":true},"in2DMode":false,"pivot":{"x":31.49269676208496,"y":9.868189811706543,"z":-17.329280853271486},"rotation":{"x":-0.06558774411678314,"y":-0.10757958889007569,"z":0.00698197353631258,"w":-0.9920868873596191},"size":2.273632049560547,"orthographic":false}