{"cameraMode":{"drawMode":0,"name":"Shaded","section":"Shading Mode"},"sceneLighting":false,"audioPlay":false,"sceneViewState":{"showFog":true,"showMaterialUpdate":true,"showSkybox":false,"showFlares":true,"showImageEffects":true,"showParticleSystems":true},"in2DMode":false,"pivot":{"x":460.96063232421877,"y":266.9833984375,"z":-7.544229507446289},"rotation":{"x":0.06759261339902878,"y":0.04388751834630966,"z":0.0013032767456024886,"w":0.9970899820327759},"size":3.1337289810180666,"orthographic":false}