{"cameraMode":{"drawMode":0,"name":"Shaded","section":"Shading Mode"},"sceneLighting":true,"audioPlay":false,"sceneViewState":{"showFog":true,"showMaterialUpdate":true,"showSkybox":true,"showFlares":true,"showImageEffects":true,"showParticleSystems":true},"in2DMode":false,"pivot":{"x":0.2459111362695694,"y":4.954738616943359,"z":-13.846545219421387},"rotation":{"x":0.23854541778564454,"y":0.13287974894046784,"z":-0.03197033703327179,"w":0.9617263674736023},"size":7.172895908355713,"orthographic":false}