{"cameraMode":{"drawMode":0,"name":"Shaded","section":"Shading Mode"},"sceneLighting":true,"audioPlay":false,"sceneViewState":{"showFog":true,"showMaterialUpdate":true,"showSkybox":true,"showFlares":true,"showImageEffects":true,"showParticleSystems":true},"in2DMode":false,"pivot":{"x":12.680663108825684,"y":13.048531532287598,"z":-15.267879486083985},"rotation":{"x":-0.15519267320632935,"y":0.1537289172410965,"z":-0.04992128163576126,"w":-0.9747913479804993},"size":17.62175941467285,"orthographic":false}