{"cameraMode":{"drawMode":0,"name":"Shaded","section":"Shading Mode"},"sceneLighting":true,"audioPlay":false,"sceneViewState":{"showFog":true,"showMaterialUpdate":true,"showSkybox":true,"showFlares":true,"showImageEffects":true,"showParticleSystems":true},"in2DMode":false,"pivot":{"x":29.841590881347658,"y":13.157283782958985,"z":-9.25342082977295},"rotation":{"x":-0.003984444309026003,"y":0.08770942687988281,"z":0.0025324008893221618,"w":0.9964642524719238},"size":20.7807674407959,"orthographic":false}