{"cameraMode":{"drawMode":0,"name":"Shaded","section":"Shading Mode"},"sceneLighting":true,"audioPlay":false,"sceneViewState":{"showFog":true,"showMaterialUpdate":true,"showSkybox":true,"showFlares":true,"showImageEffects":true,"showParticleSystems":true},"in2DMode":false,"pivot":{"x":-7.9187774658203129,"y":3.3644537925720217,"z":-11.096210479736329},"rotation":{"x":0.2100192904472351,"y":-0.23815034329891206,"z":0.055969350039958957,"w":0.9469718933105469},"size":4.423720836639404,"orthographic":false}