{"cameraMode":{"drawMode":0,"name":"Shaded","section":"Shading Mode"},"sceneLighting":true,"audioPlay":false,"sceneViewState":{"showFog":true,"showMaterialUpdate":true,"showSkybox":true,"showFlares":true,"showImageEffects":true,"showParticleSystems":true},"in2DMode":false,"pivot":{"x":13.910842895507813,"y":3.753357410430908,"z":5.00666618347168},"rotation":{"x":0.015281660482287407,"y":-0.012665468268096447,"z":0.0027171564288437368,"w":1.0001367330551148},"size":34.74518966674805,"orthographic":false}