{"cameraMode":{"drawMode":0,"name":"Shaded","section":"Shading Mode"},"sceneLighting":true,"audioPlay":false,"sceneViewState":{"showFog":true,"showMaterialUpdate":true,"showSkybox":true,"showFlares":true,"showImageEffects":true,"showParticleSystems":true},"in2DMode":false,"pivot":{"x":38.417198181152347,"y":5.5286784172058109,"z":-30.2659912109375},"rotation":{"x":0.07041098177433014,"y":-0.07977724075317383,"z":0.007289043627679348,"w":0.9945351481437683},"size":1.824552059173584,"orthographic":false}