{"cameraMode":{"drawMode":0,"name":"Shaded","section":"Shading Mode"},"sceneLighting":true,"audioPlay":false,"sceneViewState":{"showFog":true,"showMaterialUpdate":true,"showSkybox":true,"showFlares":true,"showImageEffects":true,"showParticleSystems":true},"in2DMode":false,"pivot":{"x":15.594291687011719,"y":-4.287728786468506,"z":56.75669860839844},"rotation":{"x":0.033082764595746997,"y":-0.10210174322128296,"z":0.003921516239643097,"w":0.9943734407424927},"size":84.82040405273438,"orthographic":false}