{"cameraMode":{"drawMode":0,"name":"Shaded","section":"Shading Mode"},"sceneLighting":true,"audioPlay":false,"sceneViewState":{"showFog":true,"showMaterialUpdate":true,"showSkybox":true,"showFlares":true,"showImageEffects":true,"showParticleSystems":true},"in2DMode":false,"pivot":{"x":0.6460403203964233,"y":4.810481548309326,"z":-23.63821029663086},"rotation":{"x":-0.18671385943889619,"y":0.19114628434181214,"z":-0.041423749178647998,"w":-0.963196337223053},"size":14.271441459655762,"orthographic":false}