{"cameraMode":{"drawMode":0,"name":"Shaded","section":"Shading Mode"},"sceneLighting":true,"audioPlay":false,"sceneViewState":{"showFog":true,"showMaterialUpdate":true,"showSkybox":true,"showFlares":true,"showImageEffects":true,"showParticleSystems":true},"in2DMode":false,"pivot":{"x":-10.859999656677246,"y":0.17000006139278413,"z":-7.545000076293945},"rotation":{"x":0.11228465288877487,"y":-0.005205431021749973,"z":0.00325978547334671,"w":0.9940075278282166},"size":5.100463390350342,"orthographic":false}