{"cameraMode":{"drawMode":0,"name":"Shaded","section":"Shading Mode"},"sceneLighting":true,"audioPlay":false,"sceneViewState":{"showFog":true,"showMaterialUpdate":true,"showSkybox":true,"showFlares":true,"showImageEffects":true,"showParticleSystems":true},"in2DMode":false,"pivot":{"x":4.224388122558594,"y":-3.291801691055298,"z":5.158380031585693},"rotation":{"x":0.1681208461523056,"y":-0.19557680189609528,"z":0.03643116354942322,"w":0.9658259749412537},"size":22.50986099243164,"orthographic":false}