{"cameraMode":{"drawMode":0,"name":"Shaded","section":"Shading Mode"},"sceneLighting":false,"audioPlay":false,"sceneViewState":{"showFog":true,"showMaterialUpdate":true,"showSkybox":false,"showFlares":true,"showImageEffects":true,"showParticleSystems":true},"in2DMode":false,"pivot":{"x":0.2762342095375061,"y":0.554885983467102,"z":-0.741180956363678},"rotation":{"x":0.12063322961330414,"y":-0.3067214787006378,"z":0.04031054303050041,"w":0.9435157775878906},"size":0.3774537146091461,"orthographic":false}