{"cameraMode":{"drawMode":0,"name":"Shaded","section":"Shading Mode"},"sceneLighting":true,"audioPlay":false,"sceneViewState":{"showFog":true,"showMaterialUpdate":true,"showSkybox":true,"showFlares":true,"showImageEffects":true,"showParticleSystems":true},"in2DMode":false,"pivot":{"x":1.536888599395752,"y":5.071989059448242,"z":-6.562459945678711},"rotation":{"x":-0.020808549597859384,"y":0.018453801050782205,"z":-0.011190460994839669,"w":-1.0002104043960572},"size":20.026395797729493,"orthographic":false}