{"cameraMode":{"drawMode":0,"name":"Shaded","section":"Shading Mode"},"sceneLighting":true,"audioPlay":false,"sceneViewState":{"showFog":true,"showMaterialUpdate":true,"showSkybox":true,"showFlares":true,"showImageEffects":true,"showParticleSystems":true},"in2DMode":false,"pivot":{"x":13.547415733337403,"y":17.87425994873047,"z":107.46276092529297},"rotation":{"x":-0.035965703427791598,"y":-0.038363758474588397,"z":-0.0013815561542287469,"w":0.9986163973808289},"size":161.81784057617188,"orthographic":false}