{"cameraMode":{"drawMode":0,"name":"Shaded","section":"Shading Mode"},"sceneLighting":true,"audioPlay":false,"sceneViewState":{"showFog":true,"showMaterialUpdate":true,"showSkybox":true,"showFlares":true,"showImageEffects":true,"showParticleSystems":true},"in2DMode":false,"pivot":{"x":2.0654280185699465,"y":2.3065977096557619,"z":-1.0716571807861329},"rotation":{"x":0.11456247419118881,"y":-0.06468488276004791,"z":0.015045073814690113,"w":0.9917510747909546},"size":21.443050384521486,"orthographic":false}