{"cameraMode":{"drawMode":0,"name":"Shaded","section":"Shading Mode"},"sceneLighting":true,"audioPlay":false,"sceneViewState":{"showFog":true,"showMaterialUpdate":true,"showSkybox":true,"showFlares":true,"showImageEffects":true,"showParticleSystems":true},"in2DMode":false,"pivot":{"x":2.588149309158325,"y":7.316839694976807,"z":-17.983448028564454},"rotation":{"x":0.022078106179833413,"y":-0.07763901352882385,"z":0.006358453072607517,"w":0.9970731139183044},"size":5.534582614898682,"orthographic":false}