{"cameraMode":{"drawMode":0,"name":"Shaded","section":"Shading Mode"},"sceneLighting":true,"audioPlay":false,"sceneViewState":{"showFog":true,"showMaterialUpdate":true,"showSkybox":true,"showFlares":true,"showImageEffects":true,"showParticleSystems":true},"in2DMode":false,"pivot":{"x":3.803990125656128,"y":0.9420773386955261,"z":-3.1097512245178224},"rotation":{"x":-0.053836386650800708,"y":0.02295941300690174,"z":-0.007538332603871822,"w":-0.9987133145332336},"size":21.670900344848634,"orthographic":false}