{"cameraMode":{"drawMode":0,"name":"Shaded","section":"Shading Mode"},"sceneLighting":true,"audioPlay":false,"sceneViewState":{"showFog":true,"showMaterialUpdate":true,"showSkybox":true,"showFlares":true,"showImageEffects":true,"showParticleSystems":true},"in2DMode":false,"pivot":{"x":-64.69056701660156,"y":-53.37805938720703,"z":92.87329864501953},"rotation":{"x":0.20452427864074708,"y":-0.2633775472640991,"z":0.08089753240346909,"w":0.9402241706848145},"size":138.01690673828126,"orthographic":false}