{"cameraMode":{"drawMode":0,"name":"Shaded","section":"Shading Mode"},"sceneLighting":true,"audioPlay":false,"sceneViewState":{"showFog":true,"showMaterialUpdate":true,"showSkybox":true,"showFlares":true,"showImageEffects":true,"showParticleSystems":true},"in2DMode":false,"pivot":{"x":8.23378849029541,"y":30.804033279418947,"z":-25.253801345825197},"rotation":{"x":-0.07611135393381119,"y":0.22660264372825623,"z":0.023444294929504396,"w":0.9711738228797913},"size":1.0897369384765626,"orthographic":false}