{"cameraMode":{"drawMode":0,"name":"Shaded","section":"Shading Mode"},"sceneLighting":true,"audioPlay":false,"sceneViewState":{"showFog":true,"showMaterialUpdate":true,"showSkybox":true,"showFlares":true,"showImageEffects":true,"showParticleSystems":true},"in2DMode":false,"pivot":{"x":-2.206347942352295,"y":12.714336395263672,"z":-16.540313720703126},"rotation":{"x":0.27211230993270876,"y":-0.16208700835704804,"z":0.051673099398612979,"w":0.9475017786026001},"size":7.037639617919922,"orthographic":false}