{"cameraMode":{"drawMode":0,"name":"Shaded","section":"Shading Mode"},"sceneLighting":true,"audioPlay":false,"sceneViewState":{"showFog":true,"showMaterialUpdate":true,"showSkybox":true,"showFlares":true,"showImageEffects":true,"showParticleSystems":true},"in2DMode":false,"pivot":{"x":2.7439823150634767,"y":1.259872317314148,"z":-1.9371778964996338},"rotation":{"x":-0.019088322296738626,"y":0.20331859588623048,"z":-0.011405707336962223,"w":-0.9793803095817566},"size":16.701335906982423,"orthographic":false}