{"cameraMode":{"drawMode":0,"name":"Shaded","section":"Shading Mode"},"sceneLighting":true,"audioPlay":false,"sceneViewState":{"showFog":true,"showMaterialUpdate":true,"showSkybox":true,"showFlares":true,"showImageEffects":true,"showParticleSystems":true},"in2DMode":false,"pivot":{"x":9.682453155517579,"y":8.876123428344727,"z":-35.86258316040039},"rotation":{"x":0.08216141164302826,"y":-0.0651448592543602,"z":0.006791992578655481,"w":0.9947484135627747},"size":6.510782241821289,"orthographic":false}