{"cameraMode":{"drawMode":0,"name":"Shaded","section":"Shading Mode"},"sceneLighting":true,"audioPlay":false,"sceneViewState":{"showFog":true,"showMaterialUpdate":true,"showSkybox":true,"showFlares":true,"showImageEffects":true,"showParticleSystems":true},"in2DMode":false,"pivot":{"x":-3.633052349090576,"y":4.649543762207031,"z":-11.350141525268555},"rotation":{"x":-0.09910710901021958,"y":0.017757970839738847,"z":-0.005291934125125408,"w":-0.9953030943870544},"size":14.552978515625,"orthographic":false}