{"cameraMode":{"drawMode":0,"name":"Shaded","section":"Shading Mode"},"sceneLighting":true,"audioPlay":false,"sceneViewState":{"showFog":true,"showMaterialUpdate":true,"showSkybox":true,"showFlares":true,"showImageEffects":true,"showParticleSystems":true},"in2DMode":false,"pivot":{"x":-3.3014492988586427,"y":-1.8023101091384888,"z":-7.620136737823486},"rotation":{"x":0.16120894253253938,"y":-0.11427302658557892,"z":0.046532344073057178,"w":0.9795810580253601},"size":12.778523445129395,"orthographic":false}