{"cameraMode":{"drawMode":0,"name":"Shaded","section":"Shading Mode"},"sceneLighting":true,"audioPlay":false,"sceneViewState":{"showFog":true,"showMaterialUpdate":true,"showSkybox":true,"showFlares":true,"showImageEffects":true,"showParticleSystems":true},"in2DMode":false,"pivot":{"x":15.57546329498291,"y":6.988338470458984,"z":-33.752498626708987},"rotation":{"x":-0.06481020897626877,"y":0.15354706346988679,"z":-0.014639672823250294,"w":-0.9863580465316773},"size":6.1465654373168949,"orthographic":false}