{"cameraMode":{"drawMode":0,"name":"Shaded","section":"Shading Mode"},"sceneLighting":true,"audioPlay":false,"sceneViewState":{"showFog":true,"showMaterialUpdate":true,"showSkybox":true,"showFlares":true,"showImageEffects":true,"showParticleSystems":true},"in2DMode":false,"pivot":{"x":-13.948443412780762,"y":50.20598220825195,"z":242.0289764404297},"rotation":{"x":0.03231813758611679,"y":0.08339409530162811,"z":-0.02560432441532612,"w":-0.9961708188056946},"size":289.8530578613281,"orthographic":false}