{"cameraMode":{"drawMode":0,"name":"Shaded","section":"Shading Mode"},"sceneLighting":true,"audioPlay":false,"sceneViewState":{"showFog":true,"showMaterialUpdate":true,"showSkybox":true,"showFlares":true,"showImageEffects":true,"showParticleSystems":true},"in2DMode":false,"pivot":{"x":27.01500701904297,"y":5.537832736968994,"z":0.6074275970458984},"rotation":{"x":0.08500922471284867,"y":-0.09490689635276795,"z":0.008131101727485657,"w":0.9918302893638611},"size":22.0,"orthographic":false}