{"cameraMode":{"drawMode":0,"name":"Shaded","section":"Shading Mode"},"sceneLighting":true,"audioPlay":false,"sceneViewState":{"showFog":true,"showMaterialUpdate":true,"showSkybox":true,"showFlares":true,"showImageEffects":true,"showParticleSystems":true},"in2DMode":false,"pivot":{"x":3.1245028972625734,"y":2.5041942596435549,"z":-12.468522071838379},"rotation":{"x":0.05283227190375328,"y":0.0849597230553627,"z":-0.0016952829901129008,"w":-0.9954366683959961},"size":10.532041549682618,"orthographic":false}