{"cameraMode":{"drawMode":0,"name":"Shaded","section":"Shading Mode"},"sceneLighting":true,"audioPlay":false,"sceneViewState":{"showFog":true,"showMaterialUpdate":true,"showSkybox":true,"showFlares":true,"showImageEffects":true,"showParticleSystems":true},"in2DMode":false,"pivot":{"x":9.001233100891114,"y":0.9607275128364563,"z":17.534297943115236},"rotation":{"x":-0.06956495344638825,"y":0.1103258952498436,"z":-0.014925443567335606,"w":-0.9919203519821167},"size":64.97949981689453,"orthographic":false}