{"cameraMode":{"drawMode":0,"name":"Shaded","section":"Shading Mode"},"sceneLighting":false,"audioPlay":false,"sceneViewState":{"showFog":true,"showMaterialUpdate":true,"showSkybox":false,"showFlares":true,"showImageEffects":true,"showParticleSystems":true},"in2DMode":false,"pivot":{"x":-1.9367241859436036,"y":-6.193869590759277,"z":10.117405891418457},"rotation":{"x":-0.17704778909683228,"y":0.3499211072921753,"z":-0.07980439066886902,"w":-0.9171707630157471},"size":3.133714437484741,"orthographic":false}