{"cameraMode":{"drawMode":0,"name":"Shaded","section":"Shading Mode"},"sceneLighting":true,"audioPlay":false,"sceneViewState":{"showFog":true,"showMaterialUpdate":true,"showSkybox":true,"showFlares":true,"showImageEffects":true,"showParticleSystems":true},"in2DMode":false,"pivot":{"x":7.102879047393799,"y":1.9213310480117798,"z":-7.896875381469727},"rotation":{"x":0.27064061164855959,"y":-0.666850745677948,"z":0.2903411388397217,"w":0.6312369704246521},"size":7.061990261077881,"orthographic":false}