{"cameraMode":{"drawMode":0,"name":"Shaded","section":"Shading Mode"},"sceneLighting":true,"audioPlay":false,"sceneViewState":{"showFog":true,"showMaterialUpdate":true,"showSkybox":true,"showFlares":true,"showImageEffects":true,"showParticleSystems":true},"in2DMode":false,"pivot":{"x":22.187524795532228,"y":-7.882195472717285,"z":2.58310866355896},"rotation":{"x":-0.2092360258102417,"y":0.06742588430643082,"z":-0.02319532446563244,"w":-0.9758828282356262},"size":45.05571365356445,"orthographic":false}