{"cameraMode":{"drawMode":0,"name":"Shaded","section":"Shading Mode"},"sceneLighting":false,"audioPlay":false,"sceneViewState":{"showFog":true,"showMaterialUpdate":true,"showSkybox":false,"showFlares":true,"showImageEffects":true,"showParticleSystems":true},"in2DMode":false,"pivot":{"x":1.862731695175171,"y":-0.9271494150161743,"z":1.3708802461624146},"rotation":{"x":-0.014032380655407906,"y":-0.9799447655677795,"z":-0.06752648949623108,"w":0.18824023008346559},"size":0.5547655820846558,"orthographic":false}