{"cameraMode":{"drawMode":0,"name":"Shaded","section":"Shading Mode"},"sceneLighting":true,"audioPlay":false,"sceneViewState":{"showFog":true,"showMaterialUpdate":true,"showSkybox":true,"showFlares":true,"showImageEffects":true,"showParticleSystems":true},"in2DMode":false,"pivot":{"x":0.08847618103027344,"y":0.6780732870101929,"z":-8.45467472076416},"rotation":{"x":0.09873484075069428,"y":-0.573173463344574,"z":0.11102389544248581,"w":0.8067811131477356},"size":4.943606853485107,"orthographic":false}