{"cameraMode":{"drawMode":0,"name":"Shaded","section":"Shading Mode"},"sceneLighting":true,"audioPlay":false,"sceneViewState":{"showFog":true,"showMaterialUpdate":true,"showSkybox":true,"showFlares":true,"showImageEffects":true,"showParticleSystems":true},"in2DMode":false,"pivot":{"x":-0.7949951887130737,"y":5.6322221755981449,"z":-16.912996292114259},"rotation":{"x":0.10161405801773071,"y":0.09609494358301163,"z":-0.007428435143083334,"w":0.9904802441596985},"size":5.857884883880615,"orthographic":false}