{"cameraMode":{"drawMode":0,"name":"Shaded","section":"Shading Mode"},"sceneLighting":true,"audioPlay":false,"sceneViewState":{"showFog":true,"showMaterialUpdate":true,"showSkybox":true,"showFlares":true,"showImageEffects":true,"showParticleSystems":true},"in2DMode":false,"pivot":{"x":28.26850700378418,"y":12.413187980651856,"z":1.775634765625},"rotation":{"x":0.11683133989572525,"y":-0.0465785376727581,"z":0.008044390007853508,"w":0.9923669099807739},"size":34.74518966674805,"orthographic":false}