{"cameraMode":{"drawMode":0,"name":"Shaded","section":"Shading Mode"},"sceneLighting":true,"audioPlay":false,"sceneViewState":{"showFog":true,"showMaterialUpdate":true,"showSkybox":true,"showFlares":true,"showImageEffects":true,"showParticleSystems":true},"in2DMode":false,"pivot":{"x":3.5671026706695558,"y":4.164925575256348,"z":-15.354460716247559},"rotation":{"x":-0.09708071500062943,"y":0.09272003918886185,"z":-0.037666164338588718,"w":-0.9907633066177368},"size":16.183473587036134,"orthographic":false}