{"cameraMode":{"drawMode":0,"name":"Shaded","section":"Shading Mode"},"sceneLighting":true,"audioPlay":false,"sceneViewState":{"showFog":true,"showMaterialUpdate":true,"showSkybox":true,"showFlares":true,"showImageEffects":true,"showParticleSystems":true},"in2DMode":false,"pivot":{"x":-83.9504623413086,"y":-309.5826721191406,"z":1045.0750732421875},"rotation":{"x":-0.14336004853248597,"y":0.04478567838668823,"z":-0.006712802220135927,"w":-0.9887294769287109},"size":1156.876708984375,"orthographic":false}