{"cameraMode":{"drawMode":0,"name":"Shaded","section":"Shading Mode"},"sceneLighting":true,"audioPlay":false,"sceneViewState":{"showFog":true,"showMaterialUpdate":true,"showSkybox":true,"showFlares":true,"showImageEffects":true,"showParticleSystems":true},"in2DMode":false,"pivot":{"x":1.5567673444747925,"y":0.9703028798103333,"z":-11.38493824005127},"rotation":{"x":0.12715838849544526,"y":0.04386933892965317,"z":-0.0036496510729193689,"w":0.9912294149398804},"size":4.657884120941162,"orthographic":false}