{"cameraMode":{"drawMode":0,"name":"Shaded","section":"Shading Mode"},"sceneLighting":true,"audioPlay":false,"sceneViewState":{"showFog":true,"showMaterialUpdate":true,"showSkybox":true,"showFlares":true,"showImageEffects":true,"showParticleSystems":true},"in2DMode":false,"pivot":{"x":-3.631836414337158,"y":-0.773850679397583,"z":50.748714447021487},"rotation":{"x":-0.015043067745864392,"y":-0.006798150017857552,"z":-0.005570912268012762,"w":-1.0002933740615845},"size":65.68144226074219,"orthographic":false}