{"cameraMode":{"drawMode":0,"name":"Shaded","section":"Shading Mode"},"sceneLighting":true,"audioPlay":false,"sceneViewState":{"showFog":true,"showMaterialUpdate":true,"showSkybox":true,"showFlares":true,"showImageEffects":true,"showParticleSystems":true},"in2DMode":false,"pivot":{"x":6.943850994110107,"y":3.2360618114471437,"z":-11.916037559509278},"rotation":{"x":-0.0391145721077919,"y":0.04053450748324394,"z":-0.005802670959383249,"w":-0.9988323450088501},"size":19.90251922607422,"orthographic":false}