{"cameraMode":{"drawMode":0,"name":"Shaded","section":"Shading Mode"},"sceneLighting":true,"audioPlay":false,"sceneViewState":{"showFog":true,"showMaterialUpdate":true,"showSkybox":true,"showFlares":true,"showImageEffects":true,"showParticleSystems":true},"in2DMode":false,"pivot":{"x":0.714274525642395,"y":1.0880420207977296,"z":14.868364334106446},"rotation":{"x":0.04562707990407944,"y":-0.13262036442756654,"z":0.009597514756023884,"w":0.9903860092163086},"size":34.51419448852539,"orthographic":false}