{"cameraMode":{"drawMode":0,"name":"Shaded","section":"Shading Mode"},"sceneLighting":true,"audioPlay":false,"sceneViewState":{"showFog":true,"showMaterialUpdate":true,"showSkybox":true,"showFlares":true,"showImageEffects":true,"showParticleSystems":true},"in2DMode":false,"pivot":{"x":-22.85474395751953,"y":-11.629054069519043,"z":61.58163833618164},"rotation":{"x":0.09325531870126724,"y":-0.16823948919773103,"z":0.016362376511096956,"w":0.9813016653060913},"size":85.86053466796875,"orthographic":false}