{"cameraMode":{"drawMode":0,"name":"Shaded","section":"Shading Mode"},"sceneLighting":true,"audioPlay":false,"sceneViewState":{"showFog":true,"showMaterialUpdate":true,"showSkybox":true,"showFlares":true,"showImageEffects":true,"showParticleSystems":true},"in2DMode":false,"pivot":{"x":3.6632304191589357,"y":-1.264252781867981,"z":-3.3783860206604006},"rotation":{"x":-0.04569806531071663,"y":-0.372455894947052,"z":-0.009509491734206677,"w":-0.9271863698959351},"size":7.061990261077881,"orthographic":false}