{"cameraMode":{"drawMode":0,"name":"Shaded","section":"Shading Mode"},"sceneLighting":true,"audioPlay":false,"sceneViewState":{"showFog":true,"showMaterialUpdate":true,"showSkybox":true,"showFlares":true,"showImageEffects":true,"showParticleSystems":true},"in2DMode":false,"pivot":{"x":-3.169095277786255,"y":2.7494993209838869,"z":-16.53891372680664},"rotation":{"x":0.03449522331357002,"y":-0.006910148076713085,"z":0.0010457546450197697,"w":0.9996026158332825},"size":2.14332914352417,"orthographic":false}