{"cameraMode":{"drawMode":0,"name":"Shaded","section":"Shading Mode"},"sceneLighting":true,"audioPlay":false,"sceneViewState":{"showFog":true,"showMaterialUpdate":true,"showSkybox":true,"showFlares":true,"showImageEffects":true,"showParticleSystems":true},"in2DMode":false,"pivot":{"x":-13.040475845336914,"y":-9.117493629455567,"z":15.481289863586426},"rotation":{"x":0.22639621794223786,"y":-0.1431812345981598,"z":0.04489520937204361,"w":0.9631376266479492},"size":35.342735290527347,"orthographic":false}