{"cameraMode":{"drawMode":0,"name":"Shaded","section":"Shading Mode"},"sceneLighting":true,"audioPlay":false,"sceneViewState":{"showFog":true,"showMaterialUpdate":true,"showSkybox":true,"showFlares":true,"showImageEffects":true,"showParticleSystems":true},"in2DMode":false,"pivot":{"x":22.67318344116211,"y":5.117511749267578,"z":-6.880195617675781},"rotation":{"x":-0.17774884402751923,"y":0.32331976294517519,"z":-0.06649908423423767,"w":-0.9275285005569458},"size":14.271441459655762,"orthographic":false}