{"cameraMode":{"drawMode":0,"name":"Shaded","section":"Shading Mode"},"sceneLighting":true,"audioPlay":false,"sceneViewState":{"showFog":true,"showMaterialUpdate":true,"showSkybox":true,"showFlares":true,"showImageEffects":true,"showParticleSystems":true},"in2DMode":false,"pivot":{"x":25.270000457763673,"y":4.800000190734863,"z":-7.630000114440918},"rotation":{"x":-0.014725225046277047,"y":-0.02019224502146244,"z":0.0014565858291462064,"w":0.9999395608901978},"size":3.4915659427642824,"orthographic":false}