{"cameraMode":{"drawMode":0,"name":"Shaded","section":"Shading Mode"},"sceneLighting":true,"audioPlay":false,"sceneViewState":{"showFog":true,"showMaterialUpdate":true,"showSkybox":true,"showFlares":true,"showImageEffects":true,"showParticleSystems":true},"in2DMode":false,"pivot":{"x":-17.248172760009767,"y":-18.772905349731447,"z":393.08251953125},"rotation":{"x":0.02073698304593563,"y":-0.012200904078781605,"z":0.02360837161540985,"w":1.0003647804260255},"size":413.48236083984377,"orthographic":false}