{"cameraMode":{"drawMode":0,"name":"Shaded","section":"Shading Mode"},"sceneLighting":true,"audioPlay":false,"sceneViewState":{"showFog":true,"showMaterialUpdate":true,"showSkybox":true,"showFlares":true,"showImageEffects":true,"showParticleSystems":true},"in2DMode":false,"pivot":{"x":34.48209762573242,"y":6.911861896514893,"z":-15.86662483215332},"rotation":{"x":0.05239665508270264,"y":-0.028083903715014459,"z":0.00406476017087698,"w":0.9984962344169617},"size":5.4383955001831059,"orthographic":false}