{"cameraMode":{"drawMode":0,"name":"Shaded","section":"Shading Mode"},"sceneLighting":true,"audioPlay":false,"sceneViewState":{"showFog":true,"showMaterialUpdate":true,"showSkybox":true,"showFlares":true,"showImageEffects":true,"showParticleSystems":true},"in2DMode":false,"pivot":{"x":5.462712287902832,"y":5.713521957397461,"z":-11.543188095092774},"rotation":{"x":-0.2779011130332947,"y":0.3680981993675232,"z":-0.12106331437826157,"w":-0.8794716000556946},"size":14.271441459655762,"orthographic":false}