{"cameraMode":{"drawMode":0,"name":"Shaded","section":"Shading Mode"},"sceneLighting":true,"audioPlay":false,"sceneViewState":{"showFog":true,"showMaterialUpdate":true,"showSkybox":false,"showFlares":true,"showImageEffects":true,"showParticleSystems":true},"in2DMode":false,"pivot":{"x":18.266559600830079,"y":16.82550811767578,"z":-9.657832145690918},"rotation":{"x":0.1780073493719101,"y":-0.06657328456640244,"z":0.039542317390441897,"w":0.9813558459281921},"size":10.650121688842774,"orthographic":false}