{"cameraMode":{"drawMode":0,"name":"Shaded","section":"Shading Mode"},"sceneLighting":true,"audioPlay":false,"sceneViewState":{"showFog":true,"showMaterialUpdate":true,"showSkybox":true,"showFlares":true,"showImageEffects":true,"showParticleSystems":true},"in2DMode":false,"pivot":{"x":-19.043073654174806,"y":8.698652267456055,"z":-28.9627742767334},"rotation":{"x":-0.05083470419049263,"y":0.6422173976898193,"z":-0.08582519739866257,"w":-0.7608929872512817},"size":196.55723571777345,"orthographic":false}