{"cameraMode":{"drawMode":0,"name":"Shaded","section":"Shading Mode"},"sceneLighting":true,"audioPlay":false,"sceneViewState":{"showFog":true,"showMaterialUpdate":true,"showSkybox":true,"showFlares":true,"showImageEffects":true,"showParticleSystems":true},"in2DMode":false,"pivot":{"x":13.262721061706543,"y":20.099184036254884,"z":-34.3355598449707},"rotation":{"x":0.10896900296211243,"y":-0.022614609450101854,"z":0.017490465193986894,"w":0.9943923950195313},"size":3.363245964050293,"orthographic":false}