{"cameraMode":{"drawMode":0,"name":"Shaded","section":"Shading Mode"},"sceneLighting":true,"audioPlay":false,"sceneViewState":{"showFog":true,"showMaterialUpdate":true,"showSkybox":true,"showFlares":true,"showImageEffects":true,"showParticleSystems":true},"in2DMode":false,"pivot":{"x":3.3359506130218508,"y":7.519198894500732,"z":-18.121932983398439},"rotation":{"x":0.129426047205925,"y":-0.10096774995326996,"z":0.04081418737769127,"w":0.9859937429428101},"size":13.272598266601563,"orthographic":false}