{"cameraMode":{"drawMode":0,"name":"Shaded","section":"Shading Mode"},"sceneLighting":true,"audioPlay":false,"sceneViewState":{"showFog":true,"showMaterialUpdate":true,"showSkybox":true,"showFlares":true,"showImageEffects":true,"showParticleSystems":true},"in2DMode":false,"pivot":{"x":-5.821429252624512,"y":0.8336383104324341,"z":-14.412857055664063},"rotation":{"x":0.08078804612159729,"y":-0.03368759900331497,"z":0.005833049304783344,"w":0.9965077638626099},"size":6.523722171783447,"orthographic":false}