{"cameraMode":{"drawMode":0,"name":"Shaded","section":"Shading Mode"},"sceneLighting":true,"audioPlay":false,"sceneViewState":{"showFog":true,"showMaterialUpdate":true,"showSkybox":true,"showFlares":true,"showImageEffects":true,"showParticleSystems":true},"in2DMode":false,"pivot":{"x":9.797738075256348,"y":4.369652271270752,"z":-4.347211837768555},"rotation":{"x":0.018350863829255105,"y":0.015848657116293908,"z":0.002106061903759837,"w":1.0000360012054444},"size":22.50986099243164,"orthographic":false}