{"cameraMode":{"drawMode":0,"name":"Shaded","section":"Shading Mode"},"sceneLighting":true,"audioPlay":false,"sceneViewState":{"showFog":true,"showMaterialUpdate":true,"showSkybox":true,"showFlares":true,"showImageEffects":true,"showParticleSystems":true},"in2DMode":false,"pivot":{"x":1.6408662796020508,"y":0.8537706136703491,"z":-6.7449846267700199},"rotation":{"x":0.026750067248940469,"y":-0.10570155829191208,"z":0.0038167680613696577,"w":0.9942622184753418},"size":5.743330001831055,"orthographic":false}