{"cameraMode":{"drawMode":0,"name":"Shaded","section":"Shading Mode"},"sceneLighting":true,"audioPlay":false,"sceneViewState":{"showFog":true,"showMaterialUpdate":true,"showSkybox":true,"showFlares":true,"showImageEffects":true,"showParticleSystems":true},"in2DMode":false,"pivot":{"x":24.456207275390626,"y":-3.3965134620666506,"z":-15.732758522033692},"rotation":{"x":0.11959131062030792,"y":-0.03219675272703171,"z":0.006665349937975407,"w":0.9925610423088074},"size":28.205862045288087,"orthographic":false}