{"cameraMode":{"drawMode":0,"name":"Shaded","section":"Shading Mode"},"sceneLighting":true,"audioPlay":false,"sceneViewState":{"showFog":true,"showMaterialUpdate":true,"showSkybox":true,"showFlares":true,"showImageEffects":true,"showParticleSystems":true},"in2DMode":false,"pivot":{"x":-0.7356597781181336,"y":-1.17355215549469,"z":3.5696043968200685},"rotation":{"x":-0.05694984272122383,"y":0.004841974005103111,"z":-0.008328764699399472,"w":-0.9988128542900086},"size":31.198713302612306,"orthographic":false}