{"cameraMode":{"drawMode":0,"name":"Shaded","section":"Shading Mode"},"sceneLighting":true,"audioPlay":false,"sceneViewState":{"showFog":true,"showMaterialUpdate":true,"showSkybox":true,"showFlares":true,"showImageEffects":true,"showParticleSystems":true},"in2DMode":false,"pivot":{"x":11.191143989562989,"y":6.367352485656738,"z":-24.741140365600587},"rotation":{"x":0.029809530824422838,"y":-0.0773802176117897,"z":0.0036679652985185386,"w":0.9968311190605164},"size":5.9107818603515629,"orthographic":false}