{"cameraMode":{"drawMode":0,"name":"Shaded","section":"Shading Mode"},"sceneLighting":true,"audioPlay":false,"sceneViewState":{"showFog":true,"showMaterialUpdate":true,"showSkybox":true,"showFlares":true,"showImageEffects":true,"showParticleSystems":true},"in2DMode":false,"pivot":{"x":-30.33497428894043,"y":-30.719749450683595,"z":198.5988006591797},"rotation":{"x":0.07629615068435669,"y":-0.06466884911060333,"z":0.0280310045927763,"w":0.9955180883407593},"size":228.3035888671875,"orthographic":false}