{"cameraMode":{"drawMode":0,"name":"Shaded","section":"Shading Mode"},"sceneLighting":true,"audioPlay":false,"sceneViewState":{"showFog":true,"showMaterialUpdate":true,"showSkybox":true,"showFlares":true,"showImageEffects":true,"showParticleSystems":true},"in2DMode":false,"pivot":{"x":21.3856143951416,"y":6.043128490447998,"z":-22.884828567504884},"rotation":{"x":-0.051260657608509067,"y":0.010489573702216149,"z":-0.005026467610150576,"w":-0.9990646839141846},"size":6.1465654373168949,"orthographic":false}