{"cameraMode":{"drawMode":0,"name":"Shaded","section":"Shading Mode"},"sceneLighting":true,"audioPlay":false,"sceneViewState":{"showFog":true,"showMaterialUpdate":true,"showSkybox":true,"showFlares":true,"showImageEffects":true,"showParticleSystems":true},"in2DMode":false,"pivot":{"x":3.9704642295837404,"y":3.943319320678711,"z":-9.496845245361329},"rotation":{"x":0.14278069138526917,"y":-0.1470814198255539,"z":0.02581864595413208,"w":0.9787689447402954},"size":6.743064880371094,"orthographic":false}