{"cameraMode":{"drawMode":0,"name":"Shaded","section":"Shading Mode"},"sceneLighting":true,"audioPlay":false,"sceneViewState":{"showFog":true,"showMaterialUpdate":true,"showSkybox":true,"showFlares":true,"showImageEffects":true,"showParticleSystems":true},"in2DMode":false,"pivot":{"x":-3.0249218940734865,"y":5.043408393859863,"z":-6.962442874908447},"rotation":{"x":0.12731251120567323,"y":0.014356658793985844,"z":0.005770756863057613,"w":0.9922996163368225},"size":18.943449020385743,"orthographic":false}