{"cameraMode":{"drawMode":0,"name":"Shaded","section":"Shading Mode"},"sceneLighting":true,"audioPlay":false,"sceneViewState":{"showFog":true,"showMaterialUpdate":true,"showSkybox":true,"showFlares":true,"showImageEffects":true,"showParticleSystems":true},"in2DMode":false,"pivot":{"x":-23.834793090820314,"y":-4.291714668273926,"z":43.312129974365237},"rotation":{"x":-0.06547266244888306,"y":0.10753955692052841,"z":-0.011113849468529225,"w":-0.9924066662788391},"size":67.71678161621094,"orthographic":false}