{"cameraMode":{"drawMode":0,"name":"Shaded","section":"Shading Mode"},"sceneLighting":true,"audioPlay":false,"sceneViewState":{"showFog":true,"showMaterialUpdate":true,"showSkybox":true,"showFlares":true,"showImageEffects":true,"showParticleSystems":true},"in2DMode":false,"pivot":{"x":5.358335971832275,"y":11.881806373596192,"z":150.05734252929688},"rotation":{"x":-0.01321360282599926,"y":-0.014195066876709462,"z":0.0012782493140548468,"w":1.0001051425933838},"size":235.61557006835938,"orthographic":false}