{"cameraMode":{"drawMode":0,"name":"Shaded","section":"Shading Mode"},"sceneLighting":true,"audioPlay":false,"sceneViewState":{"showFog":true,"showMaterialUpdate":true,"showSkybox":true,"showFlares":true,"showImageEffects":true,"showParticleSystems":true},"in2DMode":false,"pivot":{"x":-9.759111404418946,"y":-85.8178482055664,"z":81.30252838134766},"rotation":{"x":-0.3664187788963318,"y":0.06808158755302429,"z":-0.03690905496478081,"w":-0.9278891682624817},"size":160.53138732910157,"orthographic":false}