{"cameraMode":{"drawMode":0,"name":"Shaded","section":"Shading Mode"},"sceneLighting":true,"audioPlay":false,"sceneViewState":{"showFog":true,"showMaterialUpdate":true,"showSkybox":true,"showFlares":true,"showImageEffects":true,"showParticleSystems":true},"in2DMode":false,"pivot":{"x":16.15627098083496,"y":26.005292892456056,"z":-37.13715362548828},"rotation":{"x":0.14477850496768952,"y":-0.12093343585729599,"z":0.04529622569680214,"w":0.981378972530365},"size":3.3000552654266359,"orthographic":false}