{"cameraMode":{"drawMode":0,"name":"Shaded","section":"Shading Mode"},"sceneLighting":true,"audioPlay":false,"sceneViewState":{"showFog":true,"showMaterialUpdate":true,"showSkybox":true,"showFlares":true,"showImageEffects":true,"showParticleSystems":true},"in2DMode":false,"pivot":{"x":-199.61753845214845,"y":-116.12474060058594,"z":1097.58935546875},"rotation":{"x":-0.055221498012542728,"y":0.08704404532909394,"z":-0.005388622172176838,"w":-0.9948044419288635},"size":1182.27783203125,"orthographic":false}