{"cameraMode":{"drawMode":0,"name":"Shaded","section":"Shading Mode"},"sceneLighting":true,"audioPlay":false,"sceneViewState":{"showFog":true,"showMaterialUpdate":true,"showSkybox":true,"showFlares":true,"showImageEffects":true,"showParticleSystems":true},"in2DMode":false,"pivot":{"x":11.142322540283204,"y":4.166027069091797,"z":-10.603090286254883},"rotation":{"x":-0.038830842822790149,"y":0.019983556121587755,"z":-0.009030301123857499,"w":-0.9994825124740601},"size":31.198713302612306,"orthographic":false}