{"cameraMode":{"drawMode":0,"name":"Shaded","section":"Shading Mode"},"sceneLighting":true,"audioPlay":false,"sceneViewState":{"showFog":true,"showMaterialUpdate":true,"showSkybox":true,"showFlares":true,"showImageEffects":true,"showParticleSystems":true},"in2DMode":false,"pivot":{"x":0.3176572918891907,"y":2.4669189453125,"z":-10.89950942993164},"rotation":{"x":-0.11778434365987778,"y":0.06556543707847595,"z":-0.011153701692819596,"w":-0.9911811947822571},"size":9.625654220581055,"orthographic":false}