{"cameraMode":{"drawMode":0,"name":"Shaded","section":"Shading Mode"},"sceneLighting":true,"audioPlay":false,"sceneViewState":{"showFog":true,"showMaterialUpdate":true,"showSkybox":true,"showFlares":true,"showImageEffects":true,"showParticleSystems":true},"in2DMode":false,"pivot":{"x":-1.6043331623077393,"y":-10.987723350524903,"z":-4.598799705505371},"rotation":{"x":-0.3807770609855652,"y":0.34378790855407717,"z":-0.16462676227092744,"w":-0.8430090546607971},"size":26.235408782958986,"orthographic":false}