{"cameraMode":{"drawMode":0,"name":"Shaded","section":"Shading Mode"},"sceneLighting":true,"audioPlay":false,"sceneViewState":{"showFog":true,"showMaterialUpdate":true,"showSkybox":true,"showFlares":true,"showImageEffects":true,"showParticleSystems":true},"in2DMode":false,"pivot":{"x":111.1323471069336,"y":-47.14122772216797,"z":345.7535400390625},"rotation":{"x":0.06686311960220337,"y":0.1524420529603958,"z":-0.009064543060958386,"w":0.9862136244773865},"size":383.55548095703127,"orthographic":false}