{"cameraMode":{"drawMode":0,"name":"Shaded","section":"Shading Mode"},"sceneLighting":true,"audioPlay":false,"sceneViewState":{"showFog":true,"showMaterialUpdate":true,"showSkybox":true,"showFlares":true,"showImageEffects":true,"showParticleSystems":true},"in2DMode":false,"pivot":{"x":-36.22161102294922,"y":-12.183860778808594,"z":32.13825607299805},"rotation":{"x":0.09510767459869385,"y":-0.206704780459404,"z":0.04865744709968567,"w":0.9729999899864197},"size":57.388450622558597,"orthographic":false}