{"cameraMode":{"drawMode":0,"name":"Shaded","section":"Shading Mode"},"sceneLighting":true,"audioPlay":false,"sceneViewState":{"showFog":true,"showMaterialUpdate":true,"showSkybox":true,"showFlares":true,"showImageEffects":true,"showParticleSystems":true},"in2DMode":false,"pivot":{"x":-12.779166221618653,"y":-23.703567504882814,"z":104.59086608886719},"rotation":{"x":0.15043854713439942,"y":-0.09427814185619354,"z":0.04116339236497879,"w":0.9836088418960571},"size":142.591796875,"orthographic":false}