{"cameraMode":{"drawMode":0,"name":"Shaded","section":"Shading Mode"},"sceneLighting":true,"audioPlay":false,"sceneViewState":{"showFog":true,"showMaterialUpdate":true,"showSkybox":true,"showFlares":true,"showImageEffects":true,"showParticleSystems":true},"in2DMode":false,"pivot":{"x":23.418046951293947,"y":5.519932746887207,"z":-9.791232109069825},"rotation":{"x":-0.013801921159029007,"y":-0.10443709790706635,"z":-0.002130766399204731,"w":-0.9948105216026306},"size":9.625654220581055,"orthographic":false}