{"cameraMode":{"drawMode":0,"name":"Shaded","section":"Shading Mode"},"sceneLighting":true,"audioPlay":false,"sceneViewState":{"showFog":true,"showMaterialUpdate":true,"showSkybox":true,"showFlares":true,"showImageEffects":true,"showParticleSystems":true},"in2DMode":false,"pivot":{"x":-0.2399691790342331,"y":-9.899067878723145,"z":125.95649719238281},"rotation":{"x":-0.0418059341609478,"y":0.02902291901409626,"z":-0.007420678157359362,"w":-0.999127209186554},"size":142.25247192382813,"orthographic":false}