{"cameraMode":{"drawMode":0,"name":"Shaded","section":"Shading Mode"},"sceneLighting":true,"audioPlay":false,"sceneViewState":{"showFog":true,"showMaterialUpdate":true,"showSkybox":true,"showFlares":true,"showImageEffects":true,"showParticleSystems":true},"in2DMode":false,"pivot":{"x":28.989009857177736,"y":7.456887722015381,"z":-27.940227508544923},"rotation":{"x":-0.0420023575425148,"y":-0.23326537013053895,"z":-0.004973598290234804,"w":0.9718989729881287},"size":7.037639617919922,"orthographic":false}