{"cameraMode":{"drawMode":0,"name":"Shaded","section":"Shading Mode"},"sceneLighting":true,"audioPlay":false,"sceneViewState":{"showFog":true,"showMaterialUpdate":true,"showSkybox":true,"showFlares":true,"showImageEffects":true,"showParticleSystems":true},"in2DMode":false,"pivot":{"x":9.587267875671387,"y":3.347219467163086,"z":-16.553342819213868},"rotation":{"x":-0.05124857276678085,"y":0.013496422208845616,"z":-0.004909010138362646,"w":-0.9990191459655762},"size":19.90251922607422,"orthographic":false}