{"cameraMode":{"drawMode":0,"name":"Shaded","section":"Shading Mode"},"sceneLighting":false,"audioPlay":false,"sceneViewState":{"showFog":true,"showMaterialUpdate":true,"showSkybox":false,"showFlares":true,"showImageEffects":true,"showParticleSystems":true},"in2DMode":false,"pivot":{"x":1.0398837327957154,"y":0.46116161346435549,"z":-1.4303348064422608},"rotation":{"x":0.12063322961330414,"y":-0.3067214787006378,"z":0.04031054303050041,"w":0.9435157775878906},"size":0.6928035616874695,"orthographic":false}