{"cameraMode":{"drawMode":0,"name":"Shaded","section":"Shading Mode"},"sceneLighting":true,"audioPlay":false,"sceneViewState":{"showFog":true,"showMaterialUpdate":true,"showSkybox":true,"showFlares":true,"showImageEffects":true,"showParticleSystems":true},"in2DMode":false,"pivot":{"x":16.404556274414064,"y":1.3852299451828004,"z":-0.12862680852413178},"rotation":{"x":-0.10460717976093292,"y":0.17192503809928895,"z":-0.05234930291771889,"w":-0.978846549987793},"size":25.968219757080079,"orthographic":false}