{"cameraMode":{"drawMode":0,"name":"Shaded","section":"Shading Mode"},"sceneLighting":true,"audioPlay":false,"sceneViewState":{"showFog":true,"showMaterialUpdate":true,"showSkybox":true,"showFlares":true,"showImageEffects":true,"showParticleSystems":true},"in2DMode":false,"pivot":{"x":9.18716812133789,"y":1.438169002532959,"z":72.73124694824219},"rotation":{"x":0.022852543741464616,"y":0.07279834896326065,"z":-0.00030388636514544487,"w":0.9973706007003784},"size":113.77069854736328,"orthographic":false}