{"cameraMode":{"drawMode":0,"name":"Shaded","section":"Shading Mode"},"sceneLighting":true,"audioPlay":false,"sceneViewState":{"showFog":true,"showMaterialUpdate":true,"showSkybox":true,"showFlares":true,"showImageEffects":true,"showParticleSystems":true},"in2DMode":false,"pivot":{"x":10.13770580291748,"y":0.7015160322189331,"z":-8.851430892944336},"rotation":{"x":-0.08865852653980255,"y":0.014792831614613533,"z":-0.005619796458631754,"w":-0.9963825345039368},"size":6.1465654373168949,"orthographic":false}