{"cameraMode":{"drawMode":0,"name":"Shaded","section":"Shading Mode"},"sceneLighting":true,"audioPlay":false,"sceneViewState":{"showFog":true,"showMaterialUpdate":true,"showSkybox":true,"showFlares":true,"showImageEffects":true,"showParticleSystems":true},"in2DMode":false,"pivot":{"x":1.4186493158340455,"y":3.396641492843628,"z":-2.632631540298462},"rotation":{"x":-0.10712255537509918,"y":-0.03714999184012413,"z":-0.024533050134778024,"w":-0.9937785267829895},"size":16.183473587036134,"orthographic":false}