{"cameraMode":{"drawMode":0,"name":"Shaded","section":"Shading Mode"},"sceneLighting":true,"audioPlay":false,"sceneViewState":{"showFog":true,"showMaterialUpdate":true,"showSkybox":true,"showFlares":true,"showImageEffects":true,"showParticleSystems":true},"in2DMode":false,"pivot":{"x":30.11426544189453,"y":154.9910430908203,"z":531.1746215820313},"rotation":{"x":-0.1358397752046585,"y":-0.0012929969234392048,"z":0.011924122460186482,"w":0.9913343787193298},"size":586.4644165039063,"orthographic":false}