{"cameraMode":{"drawMode":0,"name":"Shaded","section":"Shading Mode"},"sceneLighting":true,"audioPlay":false,"sceneViewState":{"showFog":true,"showMaterialUpdate":true,"showSkybox":true,"showFlares":true,"showImageEffects":true,"showParticleSystems":true},"in2DMode":false,"pivot":{"x":5.343764305114746,"y":-0.03700399398803711,"z":9.394309997558594},"rotation":{"x":0.10519406944513321,"y":0.03533538058400154,"z":0.007359324488788843,"w":0.994501531124115},"size":35.342735290527347,"orthographic":false}