{"cameraMode":{"drawMode":0,"name":"Shaded","section":"Shading Mode"},"sceneLighting":true,"audioPlay":false,"sceneViewState":{"showFog":true,"showMaterialUpdate":true,"showSkybox":true,"showFlares":true,"showImageEffects":true,"showParticleSystems":true},"in2DMode":false,"pivot":{"x":-4.583834171295166,"y":-7.514798164367676,"z":31.23823356628418},"rotation":{"x":0.1050531193614006,"y":0.04296811297535896,"z":-0.0040697273798286919,"w":0.9936672449111939},"size":47.23444366455078,"orthographic":false}