{"cameraMode":{"drawMode":0,"name":"Shaded","section":"Shading Mode"},"sceneLighting":true,"audioPlay":false,"sceneViewState":{"showFog":true,"showMaterialUpdate":true,"showSkybox":true,"showFlares":true,"showImageEffects":true,"showParticleSystems":true},"in2DMode":false,"pivot":{"x":14.150129318237305,"y":8.014667510986329,"z":-11.523012161254883},"rotation":{"x":0.22069120407104493,"y":-0.25417035818099978,"z":0.06239895895123482,"w":0.9399319291114807},"size":34.74518966674805,"orthographic":false}