{"cameraMode":{"drawMode":0,"name":"Shaded","section":"Shading Mode"},"sceneLighting":true,"audioPlay":false,"sceneViewState":{"showFog":true,"showMaterialUpdate":true,"showSkybox":true,"showFlares":true,"showImageEffects":true,"showParticleSystems":true},"in2DMode":false,"pivot":{"x":2.3487279415130617,"y":7.273252964019775,"z":2.348814010620117},"rotation":{"x":-0.0031706320587545635,"y":0.034694548696279529,"z":-0.004140406381338835,"w":-0.9998041987419128},"size":38.0009651184082,"orthographic":false}