{"cameraMode":{"drawMode":0,"name":"Shaded","section":"Shading Mode"},"sceneLighting":true,"audioPlay":false,"sceneViewState":{"showFog":true,"showMaterialUpdate":true,"showSkybox":true,"showFlares":true,"showImageEffects":true,"showParticleSystems":true},"in2DMode":false,"pivot":{"x":-14.32064437866211,"y":-19.05428695678711,"z":40.79799270629883},"rotation":{"x":0.22711022198200227,"y":-0.09117861092090607,"z":0.03148116171360016,"w":0.969713568687439},"size":72.2042236328125,"orthographic":false}