{"cameraMode":{"drawMode":0,"name":"Shaded","section":"Shading Mode"},"sceneLighting":true,"audioPlay":false,"sceneViewState":{"showFog":true,"showMaterialUpdate":true,"showSkybox":true,"showFlares":true,"showImageEffects":true,"showParticleSystems":true},"in2DMode":false,"pivot":{"x":-2.7973220348358156,"y":18.238811492919923,"z":-19.46664047241211},"rotation":{"x":0.12969286739826203,"y":-0.04662567004561424,"z":0.013688053004443646,"w":0.9909261465072632},"size":2.023719072341919,"orthographic":false}