{"cameraMode":{"drawMode":0,"name":"Shaded","section":"Shading Mode"},"sceneLighting":true,"audioPlay":false,"sceneViewState":{"showFog":true,"showMaterialUpdate":true,"showSkybox":true,"showFlares":true,"showImageEffects":true,"showParticleSystems":true},"in2DMode":false,"pivot":{"x":16.997188568115236,"y":10.466409683227539,"z":-23.698348999023439},"rotation":{"x":0.24228619039058686,"y":-0.19314183294773103,"z":-0.07393471896648407,"w":-0.9480448365211487},"size":5.465282440185547,"orthographic":false}