{"cameraMode":{"drawMode":0,"name":"Shaded","section":"Shading Mode"},"sceneLighting":true,"audioPlay":false,"sceneViewState":{"showFog":true,"showMaterialUpdate":true,"showSkybox":true,"showFlares":true,"showImageEffects":true,"showParticleSystems":true},"in2DMode":false,"pivot":{"x":-25.90070152282715,"y":-39.04856872558594,"z":97.01851654052735},"rotation":{"x":0.17967401444911958,"y":-0.1143362745642662,"z":0.04340051859617233,"w":0.9769926071166992},"size":126.38621520996094,"orthographic":false}