{"cameraMode":{"drawMode":0,"name":"Shaded","section":"Shading Mode"},"sceneLighting":true,"audioPlay":false,"sceneViewState":{"showFog":true,"showMaterialUpdate":true,"showSkybox":true,"showFlares":true,"showImageEffects":true,"showParticleSystems":true},"in2DMode":false,"pivot":{"x":8.541837692260743,"y":1.894293189048767,"z":-17.28089714050293},"rotation":{"x":-0.09713926166296005,"y":0.16331753134727479,"z":-0.02052292600274086,"w":-0.9820175170898438},"size":6.1465654373168949,"orthographic":false}