{"cameraMode":{"drawMode":0,"name":"Shaded","section":"Shading Mode"},"sceneLighting":true,"audioPlay":false,"sceneViewState":{"showFog":true,"showMaterialUpdate":true,"showSkybox":true,"showFlares":true,"showImageEffects":true,"showParticleSystems":true},"in2DMode":false,"pivot":{"x":16.009090423583986,"y":-6.137420654296875,"z":113.43138122558594},"rotation":{"x":-0.11764419078826904,"y":0.05931850150227547,"z":-0.03514466434717178,"w":-0.9911461472511292},"size":162.3011474609375,"orthographic":false}