{"cameraMode":{"drawMode":0,"name":"Shaded","section":"Shading Mode"},"sceneLighting":true,"audioPlay":false,"sceneViewState":{"showFog":true,"showMaterialUpdate":true,"showSkybox":true,"showFlares":true,"showImageEffects":true,"showParticleSystems":true},"in2DMode":false,"pivot":{"x":-73.61442565917969,"y":-40.29927062988281,"z":55.568668365478519},"rotation":{"x":-0.16081741452217103,"y":0.3560497760772705,"z":-0.0879068523645401,"w":-0.9163819551467896},"size":123.15502166748047,"orthographic":false}