{"cameraMode":{"drawMode":0,"name":"Shaded","section":"Shading Mode"},"sceneLighting":true,"audioPlay":false,"sceneViewState":{"showFog":true,"showMaterialUpdate":true,"showSkybox":true,"showFlares":true,"showImageEffects":true,"showParticleSystems":true},"in2DMode":false,"pivot":{"x":-3.4078826904296877,"y":3.8711743354797365,"z":-4.950386047363281},"rotation":{"x":0.02394721284508705,"y":-0.15075133740901948,"z":0.012187493033707142,"w":0.9887849688529968},"size":23.63810157775879,"orthographic":false}