{"cameraMode":{"drawMode":0,"name":"Shaded","section":"Shading Mode"},"sceneLighting":true,"audioPlay":false,"sceneViewState":{"showFog":true,"showMaterialUpdate":true,"showSkybox":true,"showFlares":true,"showImageEffects":true,"showParticleSystems":true},"in2DMode":false,"pivot":{"x":0.5392214059829712,"y":1.636804461479187,"z":-11.416449546813965},"rotation":{"x":0.09434287995100022,"y":-0.020259534940123559,"z":0.002899592276662588,"w":0.9955660104751587},"size":5.743330001831055,"orthographic":false}