{"cameraMode":{"drawMode":0,"name":"Shaded","section":"Shading Mode"},"sceneLighting":true,"audioPlay":false,"sceneViewState":{"showFog":true,"showMaterialUpdate":true,"showSkybox":true,"showFlares":true,"showImageEffects":true,"showParticleSystems":true},"in2DMode":false,"pivot":{"x":9.167947769165039,"y":-16.224485397338868,"z":50.94626235961914},"rotation":{"x":0.10195065289735794,"y":-0.05696182698011398,"z":0.006383097730576992,"w":0.993294358253479},"size":84.82040405273438,"orthographic":false}