{"cameraMode":{"drawMode":0,"name":"Shaded","section":"Shading Mode"},"sceneLighting":true,"audioPlay":false,"sceneViewState":{"showFog":true,"showMaterialUpdate":true,"showSkybox":true,"showFlares":true,"showImageEffects":true,"showParticleSystems":true},"in2DMode":false,"pivot":{"x":34.91878128051758,"y":18.438888549804689,"z":-15.822036743164063},"rotation":{"x":-0.17503303289413453,"y":-0.015345431864261628,"z":-0.0018712262390181423,"w":-0.9849115014076233},"size":6.1465654373168949,"orthographic":false}