{"cameraMode":{"drawMode":0,"name":"Shaded","section":"Shading Mode"},"sceneLighting":true,"audioPlay":false,"sceneViewState":{"showFog":true,"showMaterialUpdate":true,"showSkybox":true,"showFlares":true,"showImageEffects":true,"showParticleSystems":true},"in2DMode":false,"pivot":{"x":-5.1994733810424809,"y":1.0812009572982789,"z":21.953147888183595},"rotation":{"x":-0.058643173426389697,"y":-0.028002828359603883,"z":-0.004633889067918062,"w":-0.9983329176902771},"size":41.10039138793945,"orthographic":false}