{"cameraMode":{"drawMode":0,"name":"Shaded","section":"Shading Mode"},"sceneLighting":true,"audioPlay":false,"sceneViewState":{"showFog":true,"showMaterialUpdate":true,"showSkybox":true,"showFlares":true,"showImageEffects":true,"showParticleSystems":true},"in2DMode":false,"pivot":{"x":-183.9659423828125,"y":-813.0450439453125,"z":650.7318725585938},"rotation":{"x":0.41738808155059817,"y":-0.14414463937282563,"z":0.06769023090600968,"w":0.8948529958724976},"size":1097.484130859375,"orthographic":false}