{"cameraMode":{"drawMode":0,"name":"Shaded","section":"Shading Mode"},"sceneLighting":true,"audioPlay":false,"sceneViewState":{"showFog":true,"showMaterialUpdate":true,"showSkybox":true,"showFlares":true,"showImageEffects":true,"showParticleSystems":true},"in2DMode":false,"pivot":{"x":6.815089702606201,"y":5.265267848968506,"z":-11.857172012329102},"rotation":{"x":0.04862483963370323,"y":-0.1614607572555542,"z":-0.018654715269804,"w":-0.9861677885055542},"size":16.070201873779298,"orthographic":false}