{"cameraMode":{"drawMode":0,"name":"Shaded","section":"Shading Mode"},"sceneLighting":true,"audioPlay":false,"sceneViewState":{"showFog":true,"showMaterialUpdate":true,"showSkybox":true,"showFlares":true,"showImageEffects":true,"showParticleSystems":true,"showVisualEffectGraphs":true,"m_FxEnabled":true},"in2DMode":false,"pivot":{"x":12.620331764221192,"y":-7.1603217124938969,"z":23.723552703857423},"rotation":{"x":-0.1518930047750473,"y":-0.04419148713350296,"z":-0.022820960730314256,"w":-0.9877079129219055},"size":23.147703170776368,"orthographic":false}