{"cameraMode":{"drawMode":0,"name":"Shaded","section":"Shading Mode"},"sceneLighting":true,"audioPlay":false,"sceneViewState":{"showFog":true,"showMaterialUpdate":true,"showSkybox":true,"showFlares":true,"showImageEffects":true,"showParticleSystems":true,"showVisualEffectGraphs":true,"m_FxEnabled":true},"in2DMode":false,"pivot":{"x":-4.905298709869385,"y":-5.835901737213135,"z":63.947296142578128},"rotation":{"x":0.056208960711956027,"y":-0.02156573347747326,"z":0.030445069074630739,"w":0.998317539691925},"size":41.89546585083008,"orthographic":false}