{"cameraMode":{"drawMode":0,"name":"Shaded","section":"Shading Mode"},"sceneLighting":true,"audioPlay":false,"sceneViewState":{"showFog":true,"showMaterialUpdate":true,"showSkybox":true,"showFlares":true,"showImageEffects":true,"showParticleSystems":true,"showVisualEffectGraphs":true,"m_FxEnabled":true},"in2DMode":false,"pivot":{"x":3.484720468521118,"y":-12.955462455749512,"z":55.85275650024414},"rotation":{"x":0.12486796826124191,"y":-0.020898224785923959,"z":0.03152060881257057,"w":0.9920396208763123},"size":39.112483978271487,"orthographic":false}